-- phpMyAdmin SQL Dump
-- version 5.2.1
-- https://www.phpmyadmin.net/
--
-- Servidor: 127.0.0.1
-- Tiempo de generación: 30-04-2026 a las 20:11:45
-- Versión del servidor: 10.4.32-MariaDB
-- Versión de PHP: 8.2.12

SET SQL_MODE = "NO_AUTO_VALUE_ON_ZERO";
START TRANSACTION;
SET time_zone = "+00:00";


/*!40101 SET @OLD_CHARACTER_SET_CLIENT=@@CHARACTER_SET_CLIENT */;
/*!40101 SET @OLD_CHARACTER_SET_RESULTS=@@CHARACTER_SET_RESULTS */;
/*!40101 SET @OLD_COLLATION_CONNECTION=@@COLLATION_CONNECTION */;
/*!40101 SET NAMES utf8mb4 */;

--
-- Base de datos: `nutrigym`
--

-- --------------------------------------------------------

--
-- Estructura de tabla para la tabla `alimentos`
--

CREATE TABLE `alimentos` (
  `id` bigint(20) UNSIGNED NOT NULL,
  `nombre` varchar(100) NOT NULL,
  `categoria` enum('fruta','verdura','carne','cereal','lacteo','otro') NOT NULL,
  `proteina` decimal(8,2) NOT NULL DEFAULT 0.00 COMMENT 'Gramos de proteína por 100g',
  `carbohidratos` decimal(8,2) NOT NULL DEFAULT 0.00 COMMENT 'Gramos de carbohidratos por 100g',
  `grasas` decimal(8,2) NOT NULL DEFAULT 0.00 COMMENT 'Gramos de grasas por 100g',
  `fibra` decimal(8,2) NOT NULL DEFAULT 0.00 COMMENT 'Gramos de fibra por 100g',
  `azucar` decimal(8,2) NOT NULL DEFAULT 0.00 COMMENT 'Gramos de azúcar por 100g',
  `calorias` decimal(8,2) NOT NULL DEFAULT 0.00 COMMENT 'Calorías por 100g',
  `sodio` decimal(8,2) NOT NULL DEFAULT 0.00 COMMENT 'Miligramos de sodio por 100g',
  `potasio` decimal(8,2) NOT NULL DEFAULT 0.00 COMMENT 'Miligramos de potasio por 100g',
  `calcio` decimal(8,2) NOT NULL DEFAULT 0.00 COMMENT 'Miligramos de calcio por 100g',
  `hierro` decimal(8,2) NOT NULL DEFAULT 0.00 COMMENT 'Miligramos de hierro por 100g',
  `unidad_medida` varchar(255) NOT NULL DEFAULT 'g' COMMENT 'Unidad de medida (g, ml, unidad)',
  `tamanio_porcion` decimal(8,2) NOT NULL DEFAULT 100.00 COMMENT 'Tamaño de porción estándar',
  `created_at` timestamp NULL DEFAULT NULL,
  `updated_at` timestamp NULL DEFAULT NULL
) ENGINE=InnoDB DEFAULT CHARSET=utf8mb4 COLLATE=utf8mb4_unicode_ci;

--
-- Volcado de datos para la tabla `alimentos`
--

INSERT INTO `alimentos` (`id`, `nombre`, `categoria`, `proteina`, `carbohidratos`, `grasas`, `fibra`, `azucar`, `calorias`, `sodio`, `potasio`, `calcio`, `hierro`, `unidad_medida`, `tamanio_porcion`, `created_at`, `updated_at`) VALUES
(1, 'Pechuga de pollo', 'carne', 31.00, 0.00, 3.60, 0.00, 0.00, 165.00, 74.00, 256.00, 15.00, 1.00, 'g', 100.00, '2026-04-16 21:33:59', '2026-04-16 21:33:59'),
(2, 'Salmón', 'carne', 25.00, 0.00, 13.00, 0.00, 0.00, 208.00, 59.00, 384.00, 12.00, 0.80, 'g', 100.00, '2026-04-16 21:33:59', '2026-04-16 21:33:59'),
(3, 'Atún en agua', 'carne', 25.00, 0.00, 1.00, 0.00, 0.00, 116.00, 50.00, 237.00, 8.00, 1.00, 'g', 100.00, '2026-04-16 21:33:59', '2026-04-16 21:33:59'),
(4, 'Carne de res magra', 'carne', 26.00, 0.00, 15.00, 0.00, 0.00, 250.00, 65.00, 318.00, 12.00, 2.60, 'g', 100.00, '2026-04-16 21:33:59', '2026-04-16 21:33:59'),
(5, 'Huevo entero', 'otro', 13.00, 1.10, 11.00, 0.00, 1.10, 155.00, 124.00, 126.00, 50.00, 1.80, 'unidad', 50.00, '2026-04-16 21:33:59', '2026-04-16 21:33:59'),
(6, 'Clara de huevo', 'otro', 11.00, 0.70, 0.20, 0.00, 0.70, 52.00, 166.00, 163.00, 7.00, 0.10, 'unidad', 33.00, '2026-04-16 21:33:59', '2026-04-16 21:33:59'),
(7, 'Queso cottage', 'lacteo', 11.00, 3.40, 4.30, 0.00, 2.70, 98.00, 364.00, 104.00, 83.00, 0.10, 'g', 100.00, '2026-04-16 21:33:59', '2026-04-16 21:33:59'),
(8, 'Yogur griego natural', 'lacteo', 10.00, 3.60, 0.40, 0.00, 3.60, 59.00, 36.00, 141.00, 110.00, 0.10, 'g', 100.00, '2026-04-16 21:33:59', '2026-04-16 21:33:59'),
(9, 'Leche desnatada', 'lacteo', 3.40, 5.00, 0.20, 0.00, 5.00, 34.00, 42.00, 156.00, 125.00, 0.00, 'ml', 100.00, '2026-04-16 21:33:59', '2026-04-16 21:33:59'),
(10, 'Tofu firme', 'otro', 8.00, 1.90, 4.80, 0.30, 0.60, 76.00, 7.00, 121.00, 350.00, 1.10, 'g', 100.00, '2026-04-16 21:33:59', '2026-04-16 21:33:59'),
(11, 'Arroz integral cocido', 'cereal', 2.60, 23.00, 0.90, 1.80, 0.40, 112.00, 1.00, 43.00, 10.00, 0.40, 'g', 100.00, '2026-04-16 21:33:59', '2026-04-16 21:33:59'),
(12, 'Avena en hojuelas', 'cereal', 13.00, 66.00, 7.00, 10.00, 1.00, 379.00, 6.00, 362.00, 52.00, 4.30, 'g', 100.00, '2026-04-16 21:33:59', '2026-04-16 21:33:59'),
(13, 'Pan integral', 'cereal', 13.00, 41.00, 3.50, 7.00, 5.00, 247.00, 455.00, 254.00, 107.00, 2.50, 'g', 100.00, '2026-04-16 21:33:59', '2026-04-16 21:33:59'),
(14, 'Quinoa cocida', 'cereal', 4.40, 21.00, 1.90, 2.80, 0.90, 120.00, 7.00, 172.00, 17.00, 1.50, 'g', 100.00, '2026-04-16 21:33:59', '2026-04-16 21:33:59'),
(15, 'Pasta integral cocida', 'cereal', 5.00, 25.00, 0.50, 3.50, 1.00, 124.00, 2.00, 44.00, 10.00, 1.00, 'g', 100.00, '2026-04-16 21:33:59', '2026-04-16 21:33:59'),
(16, 'Batata cocida', 'verdura', 1.60, 20.00, 0.10, 3.00, 6.50, 86.00, 55.00, 337.00, 30.00, 0.60, 'g', 100.00, '2026-04-16 21:33:59', '2026-04-16 21:33:59'),
(17, 'Maíz dulce', 'verdura', 3.30, 19.00, 1.40, 2.40, 3.20, 86.00, 15.00, 270.00, 2.00, 0.50, 'g', 100.00, '2026-04-16 21:33:59', '2026-04-16 21:33:59'),
(18, 'Garbanzos cocidos', 'otro', 8.00, 27.00, 2.40, 8.00, 4.80, 139.00, 7.00, 291.00, 49.00, 2.90, 'g', 100.00, '2026-04-16 21:33:59', '2026-04-16 21:33:59'),
(19, 'Lentejas cocidas', 'otro', 9.00, 20.00, 0.40, 8.00, 1.80, 116.00, 2.00, 369.00, 19.00, 3.30, 'g', 100.00, '2026-04-16 21:33:59', '2026-04-16 21:33:59'),
(20, 'Plátano', 'fruta', 1.10, 22.80, 0.30, 2.60, 12.20, 89.00, 1.00, 358.00, 5.00, 0.30, 'g', 100.00, '2026-04-16 21:33:59', '2026-04-16 21:33:59'),
(21, 'Aguacate', 'fruta', 2.00, 8.50, 14.70, 6.70, 0.70, 160.00, 7.00, 485.00, 12.00, 0.60, 'g', 100.00, '2026-04-16 21:33:59', '2026-04-16 21:33:59'),
(22, 'Almendras', 'otro', 21.00, 22.00, 50.00, 12.00, 4.40, 579.00, 1.00, 733.00, 269.00, 3.70, 'g', 100.00, '2026-04-16 21:33:59', '2026-04-16 21:33:59'),
(23, 'Nueces', 'otro', 15.00, 14.00, 65.00, 7.00, 2.60, 654.00, 2.00, 441.00, 98.00, 2.90, 'g', 100.00, '2026-04-16 21:33:59', '2026-04-16 21:33:59'),
(24, 'Aceite de oliva', 'otro', 0.00, 0.00, 100.00, 0.00, 0.00, 884.00, 0.00, 1.00, 1.00, 0.60, 'ml', 100.00, '2026-04-16 21:33:59', '2026-04-16 21:33:59'),
(25, 'Mantequilla de maní', 'otro', 25.00, 20.00, 50.00, 6.00, 9.00, 588.00, 459.00, 649.00, 49.00, 1.90, 'g', 100.00, '2026-04-16 21:33:59', '2026-04-16 21:33:59'),
(26, 'Semillas de chía', 'otro', 17.00, 42.00, 31.00, 34.00, 0.00, 486.00, 16.00, 407.00, 631.00, 7.70, 'g', 100.00, '2026-04-16 21:33:59', '2026-04-16 21:33:59'),
(27, 'Coco rallado', 'fruta', 3.30, 15.00, 33.00, 9.00, 6.20, 354.00, 20.00, 356.00, 14.00, 2.40, 'g', 100.00, '2026-04-16 21:33:59', '2026-04-16 21:33:59'),
(28, 'Queso cheddar', 'lacteo', 25.00, 1.30, 33.00, 0.00, 0.50, 404.00, 621.00, 98.00, 721.00, 0.70, 'g', 100.00, '2026-04-16 21:33:59', '2026-04-16 21:33:59'),
(29, 'Salmón ahumado', 'carne', 22.00, 0.00, 12.00, 0.00, 0.00, 117.00, 784.00, 175.00, 11.00, 0.90, 'g', 100.00, '2026-04-16 21:33:59', '2026-04-16 21:33:59'),
(30, 'Aceitunas verdes', 'verdura', 1.00, 6.00, 11.00, 3.20, 0.00, 115.00, 872.00, 8.00, 52.00, 0.50, 'g', 100.00, '2026-04-16 21:33:59', '2026-04-16 21:33:59'),
(31, 'Brócoli cocido', 'verdura', 2.40, 7.00, 0.40, 3.30, 1.40, 35.00, 41.00, 293.00, 40.00, 0.70, 'g', 100.00, '2026-04-16 21:33:59', '2026-04-16 21:33:59'),
(32, 'Espinaca cruda', 'verdura', 2.90, 3.60, 0.40, 2.20, 0.40, 23.00, 79.00, 558.00, 99.00, 2.70, 'g', 100.00, '2026-04-16 21:33:59', '2026-04-16 21:33:59'),
(33, 'Zanahoria cruda', 'verdura', 0.90, 10.00, 0.20, 2.80, 4.70, 41.00, 69.00, 320.00, 33.00, 0.30, 'g', 100.00, '2026-04-16 21:33:59', '2026-04-16 21:33:59'),
(34, 'Tomate', 'verdura', 0.90, 3.90, 0.20, 1.20, 2.60, 18.00, 5.00, 237.00, 10.00, 0.30, 'g', 100.00, '2026-04-16 21:33:59', '2026-04-16 21:33:59'),
(35, 'Pimiento rojo', 'verdura', 0.90, 6.00, 0.30, 2.10, 4.20, 31.00, 4.00, 211.00, 7.00, 0.40, 'g', 100.00, '2026-04-16 21:33:59', '2026-04-16 21:33:59'),
(36, 'Cebolla', 'verdura', 1.10, 9.00, 0.10, 1.70, 4.20, 40.00, 4.00, 146.00, 23.00, 0.20, 'g', 100.00, '2026-04-16 21:33:59', '2026-04-16 21:33:59'),
(37, 'Ajo', 'verdura', 6.40, 33.00, 0.50, 2.10, 1.00, 149.00, 17.00, 401.00, 181.00, 1.70, 'g', 100.00, '2026-04-16 21:33:59', '2026-04-16 21:33:59'),
(38, 'Coliflor', 'verdura', 1.90, 5.00, 0.30, 2.00, 1.90, 25.00, 30.00, 299.00, 22.00, 0.40, 'g', 100.00, '2026-04-16 21:33:59', '2026-04-16 21:33:59'),
(39, 'Calabacín', 'verdura', 1.20, 3.10, 0.30, 1.00, 2.50, 17.00, 8.00, 261.00, 16.00, 0.40, 'g', 100.00, '2026-04-16 21:33:59', '2026-04-16 21:33:59'),
(40, 'Berenjena', 'verdura', 1.00, 6.00, 0.20, 3.00, 3.50, 25.00, 2.00, 229.00, 9.00, 0.20, 'g', 100.00, '2026-04-16 21:33:59', '2026-04-16 21:33:59'),
(41, 'Manzana', 'fruta', 0.30, 14.00, 0.20, 2.40, 10.40, 52.00, 1.00, 107.00, 6.00, 0.10, 'g', 100.00, '2026-04-16 21:33:59', '2026-04-16 21:33:59'),
(42, 'Naranja', 'fruta', 0.90, 11.80, 0.10, 2.40, 9.40, 47.00, 0.00, 181.00, 40.00, 0.10, 'g', 100.00, '2026-04-16 21:33:59', '2026-04-16 21:33:59'),
(43, 'Fresa', 'fruta', 0.70, 7.70, 0.30, 2.00, 4.90, 32.00, 1.00, 153.00, 16.00, 0.40, 'g', 100.00, '2026-04-16 21:33:59', '2026-04-16 21:33:59'),
(44, 'Uvas rojas', 'fruta', 0.60, 18.00, 0.40, 0.90, 16.00, 69.00, 2.00, 191.00, 10.00, 0.40, 'g', 100.00, '2026-04-16 21:33:59', '2026-04-16 21:33:59'),
(45, 'Piña', 'fruta', 0.50, 13.00, 0.10, 1.40, 10.00, 50.00, 1.00, 109.00, 13.00, 0.30, 'g', 100.00, '2026-04-16 21:33:59', '2026-04-16 21:33:59'),
(46, 'Mango', 'fruta', 0.80, 15.00, 0.40, 1.60, 14.00, 60.00, 1.00, 168.00, 11.00, 0.20, 'g', 100.00, '2026-04-16 21:33:59', '2026-04-16 21:33:59'),
(47, 'Pera', 'fruta', 0.40, 15.00, 0.10, 3.10, 10.00, 57.00, 1.00, 116.00, 9.00, 0.20, 'g', 100.00, '2026-04-16 21:33:59', '2026-04-16 21:33:59'),
(48, 'Melón', 'fruta', 0.80, 8.00, 0.20, 0.90, 8.00, 34.00, 16.00, 267.00, 9.00, 0.20, 'g', 100.00, '2026-04-16 21:33:59', '2026-04-16 21:33:59'),
(49, 'Sandía', 'fruta', 0.60, 7.60, 0.20, 0.40, 6.20, 30.00, 1.00, 112.00, 7.00, 0.20, 'g', 100.00, '2026-04-16 21:33:59', '2026-04-16 21:33:59'),
(50, 'Kiwi', 'fruta', 1.10, 14.70, 0.50, 3.00, 9.00, 61.00, 3.00, 312.00, 34.00, 0.30, 'g', 100.00, '2026-04-16 21:33:59', '2026-04-16 21:33:59');

-- --------------------------------------------------------

--
-- Estructura de tabla para la tabla `asignacion_menus`
--

CREATE TABLE `asignacion_menus` (
  `id` bigint(20) UNSIGNED NOT NULL,
  `id_usuario` bigint(20) UNSIGNED NOT NULL,
  `calorias` int(11) NOT NULL,
  `tipo` enum('desayuno','almuerzo','cena','otro') NOT NULL,
  `fecha_asignacion` date NOT NULL,
  `validado` tinyint(1) NOT NULL DEFAULT 0,
  `created_at` timestamp NULL DEFAULT NULL,
  `updated_at` timestamp NULL DEFAULT NULL
) ENGINE=InnoDB DEFAULT CHARSET=utf8mb4 COLLATE=utf8mb4_unicode_ci;

-- --------------------------------------------------------

--
-- Estructura de tabla para la tabla `asignacion_objetivo`
--

CREATE TABLE `asignacion_objetivo` (
  `id_asignacion` bigint(20) UNSIGNED NOT NULL,
  `id_usuario` bigint(20) UNSIGNED NOT NULL,
  `id_objetivo` bigint(20) UNSIGNED NOT NULL,
  `fecha_asignacion` date NOT NULL,
  `estado` enum('activo','completado','pendiente') NOT NULL DEFAULT 'pendiente',
  `calificacion` varchar(255) DEFAULT NULL,
  `created_at` timestamp NULL DEFAULT NULL,
  `updated_at` timestamp NULL DEFAULT NULL
) ENGINE=InnoDB DEFAULT CHARSET=utf8mb4 COLLATE=utf8mb4_unicode_ci;

--
-- Volcado de datos para la tabla `asignacion_objetivo`
--

INSERT INTO `asignacion_objetivo` (`id_asignacion`, `id_usuario`, `id_objetivo`, `fecha_asignacion`, `estado`, `calificacion`, `created_at`, `updated_at`) VALUES
(1, 1, 6, '2026-04-16', 'activo', NULL, '2026-04-16 21:33:59', '2026-04-16 21:33:59'),
(2, 1, 9, '2026-04-16', 'activo', NULL, '2026-04-16 21:33:59', '2026-04-16 21:33:59'),
(3, 2, 7, '2026-04-16', 'activo', NULL, '2026-04-16 21:33:59', '2026-04-16 21:33:59'),
(4, 2, 11, '2026-04-16', 'activo', NULL, '2026-04-16 21:33:59', '2026-04-16 21:33:59'),
(5, 3, 11, '2026-04-16', 'activo', NULL, '2026-04-16 21:33:59', '2026-04-16 21:33:59'),
(6, 3, 14, '2026-04-16', 'activo', NULL, '2026-04-16 21:33:59', '2026-04-16 21:33:59'),
(7, 4, 2, '2026-04-16', 'activo', NULL, '2026-04-16 21:33:59', '2026-04-16 21:33:59'),
(8, 4, 13, '2026-04-16', 'activo', NULL, '2026-04-16 21:33:59', '2026-04-16 21:33:59'),
(9, 5, 11, '2026-04-16', 'activo', NULL, '2026-04-16 21:33:59', '2026-04-16 21:33:59'),
(10, 6, 2, '2026-04-16', 'activo', NULL, '2026-04-16 21:33:59', '2026-04-16 21:33:59'),
(11, 7, 3, '2026-04-16', 'activo', NULL, '2026-04-16 21:33:59', '2026-04-16 21:33:59'),
(12, 7, 2, '2026-04-16', 'activo', NULL, '2026-04-16 21:33:59', '2026-04-16 21:33:59'),
(13, 7, 1, '2026-04-16', 'activo', NULL, '2026-04-16 21:33:59', '2026-04-16 21:33:59'),
(14, 8, 1, '2026-04-16', 'activo', NULL, '2026-04-16 21:33:59', '2026-04-16 21:33:59'),
(15, 9, 10, '2026-04-16', 'activo', NULL, '2026-04-16 21:33:59', '2026-04-16 21:33:59'),
(16, 9, 3, '2026-04-16', 'activo', NULL, '2026-04-16 21:33:59', '2026-04-16 21:33:59'),
(17, 9, 12, '2026-04-16', 'activo', NULL, '2026-04-16 21:33:59', '2026-04-16 21:33:59'),
(18, 10, 1, '2026-04-16', 'activo', NULL, '2026-04-16 21:33:59', '2026-04-16 21:33:59'),
(19, 10, 5, '2026-04-16', 'activo', NULL, '2026-04-16 21:33:59', '2026-04-16 21:33:59'),
(20, 10, 15, '2026-04-16', 'activo', NULL, '2026-04-16 21:33:59', '2026-04-16 21:33:59'),
(21, 11, 1, '2026-04-16', 'activo', NULL, '2026-04-16 21:33:59', '2026-04-16 21:33:59'),
(22, 11, 13, '2026-04-16', 'activo', NULL, '2026-04-16 21:33:59', '2026-04-16 21:33:59'),
(23, 11, 4, '2026-04-16', 'activo', NULL, '2026-04-16 21:33:59', '2026-04-16 21:33:59'),
(24, 12, 11, '2026-04-16', 'activo', NULL, '2026-04-16 21:33:59', '2026-04-16 21:33:59'),
(25, 12, 15, '2026-04-16', 'activo', NULL, '2026-04-16 21:33:59', '2026-04-16 21:33:59'),
(26, 13, 15, '2026-04-16', 'activo', NULL, '2026-04-16 21:33:59', '2026-04-16 21:33:59'),
(27, 14, 8, '2026-04-16', 'activo', NULL, '2026-04-16 21:33:59', '2026-04-16 21:33:59'),
(28, 14, 5, '2026-04-16', 'activo', NULL, '2026-04-16 21:33:59', '2026-04-16 21:33:59'),
(29, 15, 8, '2026-04-16', 'activo', NULL, '2026-04-16 21:33:59', '2026-04-16 21:33:59');

-- --------------------------------------------------------

--
-- Estructura de tabla para la tabla `asignacion_preferencia`
--

CREATE TABLE `asignacion_preferencia` (
  `id_asignacion` bigint(20) UNSIGNED NOT NULL,
  `id_usuario` bigint(20) UNSIGNED NOT NULL,
  `id_preferencia` bigint(20) UNSIGNED NOT NULL,
  `fecha` date NOT NULL DEFAULT curdate(),
  `created_at` timestamp NULL DEFAULT NULL,
  `updated_at` timestamp NULL DEFAULT NULL
) ENGINE=InnoDB DEFAULT CHARSET=utf8mb4 COLLATE=utf8mb4_unicode_ci;

--
-- Volcado de datos para la tabla `asignacion_preferencia`
--

INSERT INTO `asignacion_preferencia` (`id_asignacion`, `id_usuario`, `id_preferencia`, `fecha`, `created_at`, `updated_at`) VALUES
(1, 1, 2, '2026-04-16', '2026-04-16 21:33:58', '2026-04-16 21:33:58'),
(2, 1, 4, '2026-04-16', '2026-04-16 21:33:58', '2026-04-16 21:33:58'),
(3, 1, 3, '2026-04-16', '2026-04-16 21:33:58', '2026-04-16 21:33:58'),
(4, 2, 4, '2026-04-16', '2026-04-16 21:33:58', '2026-04-16 21:33:58'),
(5, 2, 5, '2026-04-16', '2026-04-16 21:33:58', '2026-04-16 21:33:58'),
(6, 3, 1, '2026-04-16', '2026-04-16 21:33:58', '2026-04-16 21:33:58'),
(7, 4, 5, '2026-04-16', '2026-04-16 21:33:58', '2026-04-16 21:33:58'),
(8, 4, 3, '2026-04-16', '2026-04-16 21:33:58', '2026-04-16 21:33:58'),
(9, 5, 2, '2026-04-16', '2026-04-16 21:33:58', '2026-04-16 21:33:58'),
(10, 5, 3, '2026-04-16', '2026-04-16 21:33:58', '2026-04-16 21:33:58'),
(11, 5, 4, '2026-04-16', '2026-04-16 21:33:58', '2026-04-16 21:33:58'),
(12, 6, 2, '2026-04-16', '2026-04-16 21:33:58', '2026-04-16 21:33:58'),
(13, 6, 4, '2026-04-16', '2026-04-16 21:33:58', '2026-04-16 21:33:58'),
(14, 6, 3, '2026-04-16', '2026-04-16 21:33:58', '2026-04-16 21:33:58'),
(15, 7, 4, '2026-04-16', '2026-04-16 21:33:58', '2026-04-16 21:33:58'),
(16, 7, 5, '2026-04-16', '2026-04-16 21:33:58', '2026-04-16 21:33:58'),
(17, 7, 2, '2026-04-16', '2026-04-16 21:33:58', '2026-04-16 21:33:58'),
(18, 8, 1, '2026-04-16', '2026-04-16 21:33:58', '2026-04-16 21:33:58'),
(19, 8, 5, '2026-04-16', '2026-04-16 21:33:58', '2026-04-16 21:33:58'),
(20, 8, 2, '2026-04-16', '2026-04-16 21:33:58', '2026-04-16 21:33:58'),
(21, 9, 2, '2026-04-16', '2026-04-16 21:33:58', '2026-04-16 21:33:58'),
(22, 9, 1, '2026-04-16', '2026-04-16 21:33:58', '2026-04-16 21:33:58'),
(23, 9, 4, '2026-04-16', '2026-04-16 21:33:58', '2026-04-16 21:33:58'),
(24, 10, 2, '2026-04-16', '2026-04-16 21:33:58', '2026-04-16 21:33:58'),
(25, 10, 4, '2026-04-16', '2026-04-16 21:33:58', '2026-04-16 21:33:58'),
(26, 11, 5, '2026-04-16', '2026-04-16 21:33:58', '2026-04-16 21:33:58'),
(27, 12, 2, '2026-04-16', '2026-04-16 21:33:58', '2026-04-16 21:33:58'),
(28, 13, 4, '2026-04-16', '2026-04-16 21:33:58', '2026-04-16 21:33:58'),
(29, 13, 1, '2026-04-16', '2026-04-16 21:33:58', '2026-04-16 21:33:58'),
(30, 14, 1, '2026-04-16', '2026-04-16 21:33:58', '2026-04-16 21:33:58'),
(31, 14, 5, '2026-04-16', '2026-04-16 21:33:58', '2026-04-16 21:33:58'),
(32, 14, 3, '2026-04-16', '2026-04-16 21:33:58', '2026-04-16 21:33:58'),
(33, 15, 2, '2026-04-16', '2026-04-16 21:33:58', '2026-04-16 21:33:58');

-- --------------------------------------------------------

--
-- Estructura de tabla para la tabla `cache`
--

CREATE TABLE `cache` (
  `key` varchar(255) NOT NULL,
  `value` mediumtext NOT NULL,
  `expiration` int(11) NOT NULL
) ENGINE=InnoDB DEFAULT CHARSET=utf8mb4 COLLATE=utf8mb4_unicode_ci;

-- --------------------------------------------------------

--
-- Estructura de tabla para la tabla `cache_locks`
--

CREATE TABLE `cache_locks` (
  `key` varchar(255) NOT NULL,
  `owner` varchar(255) NOT NULL,
  `expiration` int(11) NOT NULL
) ENGINE=InnoDB DEFAULT CHARSET=utf8mb4 COLLATE=utf8mb4_unicode_ci;

-- --------------------------------------------------------

--
-- Estructura de tabla para la tabla `failed_jobs`
--

CREATE TABLE `failed_jobs` (
  `id` bigint(20) UNSIGNED NOT NULL,
  `uuid` varchar(255) NOT NULL,
  `connection` text NOT NULL,
  `queue` text NOT NULL,
  `payload` longtext NOT NULL,
  `exception` longtext NOT NULL,
  `failed_at` timestamp NOT NULL DEFAULT current_timestamp()
) ENGINE=InnoDB DEFAULT CHARSET=utf8mb4 COLLATE=utf8mb4_unicode_ci;

-- --------------------------------------------------------

--
-- Estructura de tabla para la tabla `jobs`
--

CREATE TABLE `jobs` (
  `id` bigint(20) UNSIGNED NOT NULL,
  `queue` varchar(255) NOT NULL,
  `payload` longtext NOT NULL,
  `attempts` tinyint(3) UNSIGNED NOT NULL,
  `reserved_at` int(10) UNSIGNED DEFAULT NULL,
  `available_at` int(10) UNSIGNED NOT NULL,
  `created_at` int(10) UNSIGNED NOT NULL
) ENGINE=InnoDB DEFAULT CHARSET=utf8mb4 COLLATE=utf8mb4_unicode_ci;

-- --------------------------------------------------------

--
-- Estructura de tabla para la tabla `job_batches`
--

CREATE TABLE `job_batches` (
  `id` varchar(255) NOT NULL,
  `name` varchar(255) NOT NULL,
  `total_jobs` int(11) NOT NULL,
  `pending_jobs` int(11) NOT NULL,
  `failed_jobs` int(11) NOT NULL,
  `failed_job_ids` longtext NOT NULL,
  `options` mediumtext DEFAULT NULL,
  `cancelled_at` int(11) DEFAULT NULL,
  `created_at` int(11) NOT NULL,
  `finished_at` int(11) DEFAULT NULL
) ENGINE=InnoDB DEFAULT CHARSET=utf8mb4 COLLATE=utf8mb4_unicode_ci;

-- --------------------------------------------------------

--
-- Estructura de tabla para la tabla `medidas`
--

CREATE TABLE `medidas` (
  `id` bigint(20) UNSIGNED NOT NULL,
  `id_usuario` bigint(20) UNSIGNED NOT NULL,
  `peso` decimal(5,2) NOT NULL,
  `talla` decimal(5,2) NOT NULL,
  `edad` int(11) NOT NULL,
  `genero` enum('M','F') NOT NULL,
  `circunferencia_brazo` decimal(5,2) DEFAULT NULL,
  `circunferencia_antebrazo` decimal(5,2) DEFAULT NULL,
  `circunferencia_cintura` decimal(5,2) DEFAULT NULL,
  `circunferencia_caderas` decimal(5,2) DEFAULT NULL,
  `circunferencia_muslos` decimal(5,2) DEFAULT NULL,
  `circunferencia_pantorrilla` decimal(5,2) DEFAULT NULL,
  `circunferencia_cuello` decimal(5,2) DEFAULT NULL,
  `fecha_registro` timestamp NOT NULL DEFAULT current_timestamp(),
  `estado_fisico` int(11) NOT NULL,
  `created_at` timestamp NULL DEFAULT NULL,
  `updated_at` timestamp NULL DEFAULT NULL
) ENGINE=InnoDB DEFAULT CHARSET=utf8mb4 COLLATE=utf8mb4_unicode_ci;

--
-- Volcado de datos para la tabla `medidas`
--

INSERT INTO `medidas` (`id`, `id_usuario`, `peso`, `talla`, `edad`, `genero`, `circunferencia_brazo`, `circunferencia_antebrazo`, `circunferencia_cintura`, `circunferencia_caderas`, `circunferencia_muslos`, `circunferencia_pantorrilla`, `circunferencia_cuello`, `fecha_registro`, `estado_fisico`, `created_at`, `updated_at`) VALUES
(1, 1, 75.78, 190.00, 59, 'M', 26.68, 21.16, 99.36, 91.08, 63.48, 46.00, 35.88, '2026-01-01 05:00:00', 1, '2026-01-01 05:00:00', '2026-01-01 05:00:00'),
(2, 1, 75.79, 189.00, 60, 'M', 34.34, 21.34, 95.58, 104.86, 57.54, 32.48, 40.83, '2026-02-01 05:00:00', 1, '2026-02-01 05:00:00', '2026-02-01 05:00:00'),
(3, 1, 88.61, 173.00, 60, 'M', 35.57, 30.89, 91.73, 84.24, 55.22, 33.70, 42.12, '2026-03-01 05:00:00', 1, '2026-03-01 05:00:00', '2026-03-01 05:00:00'),
(4, 1, 83.27, 190.00, 60, 'M', 38.70, 28.32, 88.74, 84.02, 51.92, 42.48, 40.59, '2026-04-01 05:00:00', 1, '2026-04-01 05:00:00', '2026-04-01 05:00:00'),
(5, 1, 70.82, 187.00, 60, 'M', 36.18, 29.51, 100.91, 85.68, 64.74, 42.97, 38.08, '2026-05-01 05:00:00', 1, '2026-05-01 05:00:00', '2026-05-01 05:00:00'),
(6, 1, 89.34, 168.00, 60, 'M', 42.24, 27.84, 73.92, 88.32, 60.48, 47.04, 36.48, '2026-06-01 05:00:00', 1, '2026-06-01 05:00:00', '2026-06-01 05:00:00'),
(7, 1, 77.16, 175.00, 60, 'M', 27.10, 30.01, 96.80, 90.99, 60.98, 30.98, 41.62, '2026-07-01 05:00:00', 1, '2026-07-01 05:00:00', '2026-07-01 05:00:00'),
(8, 1, 84.59, 170.00, 60, 'M', 35.14, 31.23, 87.84, 102.48, 66.37, 36.11, 35.14, '2026-08-01 05:00:00', 1, '2026-08-01 05:00:00', '2026-08-01 05:00:00'),
(9, 1, 86.08, 166.00, 60, 'M', 41.33, 27.55, 74.78, 97.42, 47.23, 47.23, 43.30, '2026-09-01 05:00:00', 1, '2026-09-01 05:00:00', '2026-09-01 05:00:00'),
(10, 1, 78.54, 182.00, 60, 'M', 37.70, 21.82, 91.26, 105.15, 60.51, 37.70, 40.67, '2026-10-01 05:00:00', 1, '2026-10-01 05:00:00', '2026-10-01 05:00:00'),
(11, 2, 70.00, 190.00, 41, 'M', 40.48, 20.24, 73.60, 89.24, 53.36, 39.96, 36.80, '2026-01-01 05:00:00', 1, '2026-01-01 05:00:00', '2026-01-01 05:00:00'),
(12, 2, 72.86, 190.00, 41, 'M', 27.84, 25.06, 70.53, 88.16, 49.18, 40.83, 32.48, '2026-02-01 05:00:00', 1, '2026-02-01 05:00:00', '2026-02-01 05:00:00'),
(13, 2, 87.34, 172.00, 41, 'M', 41.18, 25.27, 73.94, 107.64, 56.16, 32.76, 47.88, '2026-03-01 05:00:00', 1, '2026-03-01 05:00:00', '2026-03-01 05:00:00'),
(14, 2, 83.84, 175.00, 41, 'M', 35.87, 21.71, 95.34, 107.62, 42.48, 33.04, 33.04, '2026-04-01 05:00:00', 1, '2026-04-01 05:00:00', '2026-04-01 05:00:00'),
(15, 2, 79.78, 174.00, 41, 'M', 32.49, 30.46, 85.68, 99.96, 43.79, 47.60, 42.84, '2026-05-01 05:00:00', 1, '2026-05-01 05:00:00', '2026-05-01 05:00:00'),
(16, 2, 86.70, 167.00, 41, 'M', 32.64, 27.84, 76.80, 107.52, 65.28, 40.32, 33.60, '2026-06-01 05:00:00', 1, '2026-06-01 05:00:00', '2026-06-01 05:00:00'),
(17, 2, 66.51, 166.00, 42, 'M', 34.06, 26.14, 76.47, 96.80, 46.46, 38.72, 36.78, '2026-07-01 05:00:00', 1, '2026-07-01 05:00:00', '2026-07-01 05:00:00'),
(18, 2, 84.67, 165.00, 42, 'M', 40.99, 24.40, 81.98, 83.94, 52.70, 36.11, 41.97, '2026-08-01 05:00:00', 1, '2026-08-01 05:00:00', '2026-08-01 05:00:00'),
(19, 2, 79.10, 177.00, 42, 'M', 33.46, 21.65, 78.72, 104.30, 53.14, 41.33, 43.30, '2026-09-01 05:00:00', 1, '2026-09-01 05:00:00', '2026-09-01 05:00:00'),
(20, 2, 82.09, 167.00, 42, 'M', 34.72, 28.77, 94.24, 108.13, 50.40, 43.34, 38.69, '2026-10-01 05:00:00', 1, '2026-10-01 05:00:00', '2026-10-01 05:00:00'),
(21, 3, 65.53, 168.00, 55, 'M', 38.64, 31.28, 85.56, 99.36, 48.60, 33.12, 39.56, '2026-01-01 05:00:00', 1, '2026-01-01 05:00:00', '2026-01-01 05:00:00'),
(22, 3, 89.71, 178.00, 55, 'M', 28.77, 24.13, 75.17, 86.30, 49.18, 42.88, 38.05, '2026-02-01 05:00:00', 1, '2026-02-01 05:00:00', '2026-02-01 05:00:00'),
(23, 3, 66.51, 169.00, 55, 'M', 32.98, 24.34, 85.18, 96.41, 56.16, 39.37, 39.31, '2026-03-01 05:00:00', 1, '2026-03-01 05:00:00', '2026-03-01 05:00:00'),
(24, 3, 88.68, 181.00, 55, 'M', 34.93, 31.15, 77.41, 92.51, 55.70, 46.26, 36.82, '2026-04-01 05:00:00', 1, '2026-04-01 05:00:00', '2026-04-01 05:00:00'),
(25, 3, 81.92, 177.00, 55, 'M', 28.56, 30.46, 102.82, 109.48, 59.98, 44.74, 42.84, '2026-05-01 05:00:00', 1, '2026-05-01 05:00:00', '2026-05-01 05:00:00'),
(26, 3, 87.17, 170.00, 55, 'M', 35.36, 24.00, 78.72, 102.72, 67.20, 30.72, 38.40, '2026-06-01 05:00:00', 1, '2026-06-01 05:00:00', '2026-06-01 05:00:00'),
(27, 3, 71.57, 187.00, 55, 'M', 37.75, 24.20, 74.54, 87.12, 62.92, 32.91, 42.59, '2026-07-01 05:00:00', 1, '2026-07-01 05:00:00', '2026-07-01 05:00:00'),
(28, 3, 68.81, 175.00, 55, 'M', 31.74, 34.16, 90.77, 95.65, 46.85, 38.06, 35.84, '2026-08-01 05:00:00', 1, '2026-08-01 05:00:00', '2026-08-01 05:00:00'),
(29, 3, 79.06, 170.00, 55, 'M', 40.34, 22.63, 95.45, 97.42, 64.94, 40.34, 38.38, '2026-09-01 05:00:00', 1, '2026-09-01 05:00:00', '2026-09-01 05:00:00'),
(30, 3, 90.55, 175.00, 56, 'M', 31.74, 33.73, 107.14, 96.22, 68.45, 33.73, 36.70, '2026-10-01 05:00:00', 1, '2026-10-01 05:00:00', '2026-10-01 05:00:00'),
(31, 4, 74.48, 177.00, 42, 'M', 27.60, 31.28, 92.92, 80.96, 70.20, 48.60, 34.04, '2026-01-01 05:00:00', 1, '2026-01-01 05:00:00', '2026-01-01 05:00:00'),
(32, 4, 76.73, 174.00, 42, 'M', 38.98, 25.06, 86.30, 106.72, 41.76, 35.26, 40.83, '2026-02-01 05:00:00', 1, '2026-02-01 05:00:00', '2026-02-01 05:00:00'),
(33, 4, 64.89, 168.00, 42, 'M', 38.38, 29.02, 87.98, 104.83, 59.58, 46.80, 32.76, '2026-03-01 05:00:00', 1, '2026-03-01 05:00:00', '2026-03-01 05:00:00'),
(34, 4, 77.73, 176.00, 42, 'M', 27.38, 31.68, 100.06, 88.74, 54.75, 30.21, 42.48, '2026-04-01 05:00:00', 1, '2026-04-01 05:00:00', '2026-04-01 05:00:00'),
(35, 4, 80.50, 169.00, 42, 'M', 31.42, 32.37, 74.26, 99.01, 45.70, 42.84, 37.13, '2026-05-01 05:00:00', 1, '2026-05-01 05:00:00', '2026-05-01 05:00:00'),
(36, 4, 90.22, 178.00, 42, 'M', 36.48, 24.00, 103.68, 88.32, 59.52, 31.68, 41.28, '2026-06-01 05:00:00', 1, '2026-06-01 05:00:00', '2026-06-01 05:00:00'),
(37, 4, 69.87, 177.00, 42, 'M', 31.94, 30.98, 95.83, 90.99, 45.50, 35.82, 38.72, '2026-07-01 05:00:00', 1, '2026-07-01 05:00:00', '2026-07-01 05:00:00'),
(38, 4, 89.84, 184.00, 42, 'M', 33.79, 22.45, 95.65, 98.58, 68.32, 33.18, 35.84, '2026-08-01 05:00:00', 1, '2026-08-01 05:00:00', '2026-08-01 05:00:00'),
(39, 4, 91.20, 171.00, 42, 'M', 42.31, 24.60, 92.50, 90.53, 47.23, 45.26, 42.31, '2026-09-01 05:00:00', 1, '2026-09-01 05:00:00', '2026-09-01 05:00:00'),
(40, 4, 70.39, 175.00, 42, 'M', 28.77, 32.74, 94.24, 108.13, 62.50, 34.72, 39.68, '2026-10-01 05:00:00', 1, '2026-10-01 05:00:00', '2026-10-01 05:00:00'),
(41, 5, 71.11, 150.00, 52, 'F', 31.28, 22.08, 61.64, 94.76, 44.16, 28.52, 29.44, '2026-01-01 05:00:00', 1, '2026-01-01 05:00:00', '2026-01-01 05:00:00'),
(42, 5, 63.44, 152.00, 53, 'F', 28.77, 19.49, 64.96, 105.79, 41.76, 28.77, 29.70, '2026-02-01 05:00:00', 1, '2026-02-01 05:00:00', '2026-02-01 05:00:00'),
(43, 5, 67.12, 163.00, 53, 'F', 30.89, 19.66, 87.05, 96.41, 44.93, 31.82, 35.57, '2026-03-01 05:00:00', 1, '2026-03-01 05:00:00', '2026-03-01 05:00:00'),
(44, 5, 72.10, 162.00, 53, 'F', 26.43, 23.60, 82.13, 93.46, 57.58, 32.10, 33.04, '2026-04-01 05:00:00', 1, '2026-04-01 05:00:00', '2026-04-01 05:00:00'),
(45, 5, 61.19, 165.00, 53, 'F', 25.70, 21.90, 68.54, 89.49, 47.60, 32.49, 37.73, '2026-05-01 05:00:00', 1, '2026-05-01 05:00:00', '2026-05-01 05:00:00'),
(46, 5, 71.00, 168.00, 53, 'F', 30.72, 27.84, 87.36, 114.24, 61.36, 30.72, 32.64, '2026-06-01 05:00:00', 1, '2026-06-01 05:00:00', '2026-06-01 05:00:00'),
(47, 5, 61.49, 166.00, 53, 'F', 34.85, 22.26, 88.09, 116.16, 45.50, 30.98, 32.91, '2026-07-01 05:00:00', 1, '2026-07-01 05:00:00', '2026-07-01 05:00:00'),
(48, 5, 63.99, 150.00, 53, 'F', 37.09, 21.47, 92.72, 105.41, 42.94, 40.96, 35.84, '2026-08-01 05:00:00', 1, '2026-08-01 05:00:00', '2026-08-01 05:00:00'),
(49, 5, 72.13, 163.00, 53, 'F', 26.57, 20.66, 90.53, 104.30, 47.23, 40.64, 36.41, '2026-09-01 05:00:00', 1, '2026-09-01 05:00:00', '2026-09-01 05:00:00'),
(50, 5, 78.76, 167.00, 53, 'F', 30.75, 28.77, 88.29, 108.13, 51.58, 38.69, 29.76, '2026-10-01 05:00:00', 1, '2026-10-01 05:00:00', '2026-10-01 05:00:00'),
(51, 6, 78.22, 167.00, 36, 'M', 41.40, 30.36, 80.96, 105.80, 47.84, 43.24, 41.40, '2026-01-01 05:00:00', 1, '2026-01-01 05:00:00', '2026-01-01 05:00:00'),
(52, 6, 80.06, 188.00, 37, 'M', 27.84, 21.34, 92.80, 104.86, 53.82, 38.05, 41.76, '2026-02-01 05:00:00', 1, '2026-02-01 05:00:00', '2026-02-01 05:00:00'),
(53, 6, 85.41, 177.00, 37, 'M', 31.82, 25.27, 98.28, 103.90, 63.65, 37.24, 41.18, '2026-03-01 05:00:00', 1, '2026-03-01 05:00:00', '2026-03-01 05:00:00'),
(54, 6, 78.44, 168.00, 37, 'M', 30.21, 22.66, 78.35, 88.74, 50.98, 31.15, 37.76, '2026-04-01 05:00:00', 1, '2026-04-01 05:00:00', '2026-04-01 05:00:00'),
(55, 6, 66.10, 172.00, 37, 'M', 31.42, 28.56, 87.58, 92.34, 53.31, 52.40, 37.13, '2026-05-01 05:00:00', 1, '2026-05-01 05:00:00', '2026-05-01 05:00:00'),
(56, 6, 84.70, 167.00, 37, 'M', 37.44, 28.80, 104.64, 98.88, 44.16, 40.32, 39.36, '2026-06-01 05:00:00', 1, '2026-06-01 05:00:00', '2026-06-01 05:00:00'),
(57, 6, 78.89, 174.00, 37, 'M', 29.04, 26.14, 88.09, 102.61, 62.95, 37.75, 43.56, '2026-07-01 05:00:00', 1, '2026-07-01 05:00:00', '2026-07-01 05:00:00'),
(58, 6, 75.40, 172.00, 37, 'M', 37.09, 21.47, 101.50, 95.65, 45.87, 47.82, 36.11, '2026-08-01 05:00:00', 1, '2026-08-01 05:00:00', '2026-08-01 05:00:00'),
(59, 6, 93.66, 168.00, 37, 'M', 44.28, 34.54, 85.61, 93.48, 44.28, 48.22, 36.41, '2026-09-01 05:00:00', 1, '2026-09-01 05:00:00', '2026-09-01 05:00:00'),
(60, 6, 73.44, 177.00, 37, 'M', 42.66, 21.82, 87.30, 88.29, 68.45, 31.74, 38.30, '2026-10-01 05:00:00', 1, '2026-10-01 05:00:00', '2026-10-01 05:00:00'),
(61, 7, 85.10, 178.00, 54, 'M', 40.48, 20.24, 75.44, 90.16, 41.40, 46.00, 34.04, '2026-01-01 05:00:00', 1, '2026-01-01 05:00:00', '2026-01-01 05:00:00'),
(62, 7, 81.39, 178.00, 54, 'M', 39.90, 30.62, 71.46, 105.79, 62.18, 39.90, 32.48, '2026-02-01 05:00:00', 1, '2026-02-01 05:00:00', '2026-02-01 05:00:00'),
(63, 7, 73.25, 173.00, 54, 'M', 38.38, 28.08, 94.54, 85.18, 47.74, 41.18, 36.50, '2026-03-01 05:00:00', 1, '2026-03-01 05:00:00', '2026-03-01 05:00:00'),
(64, 7, 79.02, 170.00, 54, 'M', 28.32, 31.15, 99.12, 89.68, 42.48, 42.48, 33.04, '2026-04-01 05:00:00', 1, '2026-04-01 05:00:00', '2026-04-01 05:00:00'),
(65, 7, 77.06, 183.00, 54, 'M', 40.94, 20.94, 99.96, 99.01, 51.41, 46.65, 39.98, '2026-05-01 05:00:00', 1, '2026-05-01 05:00:00', '2026-05-01 05:00:00'),
(66, 7, 82.30, 176.00, 54, 'M', 43.20, 25.92, 81.60, 85.44, 57.20, 34.56, 41.28, '2026-06-01 05:00:00', 1, '2026-06-01 05:00:00', '2026-06-01 05:00:00'),
(67, 7, 86.14, 182.00, 55, 'M', 32.91, 26.14, 95.83, 104.54, 44.53, 46.46, 41.62, '2026-07-01 05:00:00', 1, '2026-07-01 05:00:00', '2026-07-01 05:00:00'),
(68, 7, 76.10, 186.00, 55, 'M', 40.02, 26.35, 78.08, 112.24, 48.80, 31.23, 37.09, '2026-08-01 05:00:00', 1, '2026-08-01 05:00:00', '2026-08-01 05:00:00'),
(69, 7, 74.88, 187.00, 55, 'M', 42.31, 21.65, 104.30, 89.54, 66.91, 49.20, 45.72, '2026-09-01 05:00:00', 1, '2026-09-01 05:00:00', '2026-09-01 05:00:00'),
(70, 7, 75.68, 179.00, 55, 'M', 29.76, 25.79, 76.38, 86.30, 56.54, 44.64, 44.64, '2026-10-01 05:00:00', 1, '2026-10-01 05:00:00', '2026-10-01 05:00:00'),
(71, 8, 60.44, 166.00, 27, 'F', 34.96, 23.00, 75.44, 91.08, 46.92, 30.36, 27.60, '2026-01-01 05:00:00', 1, '2026-01-01 05:00:00', '2026-01-01 05:00:00'),
(72, 8, 63.27, 167.00, 27, 'F', 31.55, 31.09, 62.18, 98.37, 60.32, 32.16, 32.48, '2026-02-01 05:00:00', 1, '2026-02-01 05:00:00', '2026-02-01 05:00:00'),
(73, 8, 70.83, 157.00, 27, 'F', 31.82, 28.08, 64.58, 84.24, 48.67, 33.70, 34.63, '2026-03-01 05:00:00', 1, '2026-03-01 05:00:00', '2026-03-01 05:00:00'),
(74, 8, 60.30, 173.00, 27, 'F', 28.32, 18.88, 67.02, 100.06, 55.70, 42.48, 30.21, '2026-04-01 05:00:00', 1, '2026-04-01 05:00:00', '2026-04-01 05:00:00'),
(75, 8, 60.63, 150.00, 27, 'F', 36.68, 29.34, 64.74, 103.77, 64.98, 41.89, 33.32, '2026-05-01 05:00:00', 1, '2026-05-01 05:00:00', '2026-05-01 05:00:00'),
(76, 8, 60.20, 169.00, 27, 'F', 24.96, 25.92, 66.24, 106.56, 62.40, 34.56, 34.56, '2026-06-01 05:00:00', 1, '2026-06-01 05:00:00', '2026-06-01 05:00:00'),
(77, 8, 52.39, 151.00, 28, 'F', 39.22, 22.26, 75.50, 98.74, 42.59, 32.91, 34.85, '2026-07-01 05:00:00', 1, '2026-07-01 05:00:00', '2026-07-01 05:00:00'),
(78, 8, 77.89, 151.00, 28, 'F', 30.26, 29.28, 78.08, 105.41, 57.58, 37.09, 34.16, '2026-08-01 05:00:00', 1, '2026-08-01 05:00:00', '2026-08-01 05:00:00'),
(79, 8, 58.36, 156.00, 28, 'F', 36.58, 29.52, 83.64, 111.19, 51.17, 41.33, 35.42, '2026-09-01 05:00:00', 1, '2026-09-01 05:00:00', '2026-09-01 05:00:00'),
(80, 8, 52.19, 168.00, 28, 'F', 35.71, 23.81, 88.29, 114.08, 63.49, 41.66, 35.71, '2026-10-01 05:00:00', 1, '2026-10-01 05:00:00', '2026-10-01 05:00:00'),
(81, 9, 87.24, 183.00, 31, 'M', 38.64, 21.16, 84.64, 105.80, 60.48, 29.44, 40.48, '2026-01-01 05:00:00', 1, '2026-01-01 05:00:00', '2026-01-01 05:00:00'),
(82, 9, 90.09, 187.00, 31, 'M', 26.91, 26.91, 70.53, 99.30, 58.46, 35.38, 35.26, '2026-02-01 05:00:00', 1, '2026-02-01 05:00:00', '2026-02-01 05:00:00'),
(83, 9, 84.77, 185.00, 31, 'M', 42.12, 32.76, 76.75, 107.64, 47.74, 30.89, 34.63, '2026-03-01 05:00:00', 1, '2026-03-01 05:00:00', '2026-03-01 05:00:00'),
(84, 9, 91.32, 177.00, 31, 'M', 32.10, 25.49, 82.13, 99.12, 58.08, 33.98, 41.54, '2026-04-01 05:00:00', 1, '2026-04-01 05:00:00', '2026-04-01 05:00:00'),
(85, 9, 64.55, 187.00, 31, 'M', 29.51, 20.94, 90.44, 94.25, 63.78, 47.60, 40.94, '2026-05-01 05:00:00', 1, '2026-05-01 05:00:00', '2026-05-01 05:00:00'),
(86, 9, 75.60, 165.00, 31, 'M', 29.76, 24.96, 81.60, 89.28, 64.32, 36.40, 41.28, '2026-06-01 05:00:00', 1, '2026-06-01 05:00:00', '2026-06-01 05:00:00'),
(87, 9, 69.72, 189.00, 32, 'M', 30.01, 26.14, 81.31, 97.77, 51.30, 37.75, 43.56, '2026-07-01 05:00:00', 1, '2026-07-01 05:00:00', '2026-07-01 05:00:00'),
(88, 9, 92.87, 180.00, 32, 'M', 33.18, 25.38, 95.65, 99.55, 56.61, 41.97, 40.02, '2026-08-01 05:00:00', 1, '2026-08-01 05:00:00', '2026-08-01 05:00:00'),
(89, 9, 69.82, 165.00, 32, 'M', 29.52, 26.57, 73.80, 106.27, 54.86, 47.23, 44.28, '2026-09-01 05:00:00', 1, '2026-09-01 05:00:00', '2026-09-01 05:00:00'),
(90, 9, 71.49, 171.00, 32, 'M', 44.64, 22.82, 90.27, 100.19, 65.47, 44.64, 36.70, '2026-10-01 05:00:00', 1, '2026-10-01 05:00:00', '2026-10-01 05:00:00'),
(91, 10, 75.37, 173.00, 48, 'M', 42.12, 27.60, 94.76, 93.84, 64.40, 50.76, 41.40, '2026-01-01 05:00:00', 1, '2026-01-01 05:00:00', '2026-01-01 05:00:00'),
(92, 10, 74.99, 173.00, 48, 'M', 29.70, 20.42, 95.58, 90.94, 55.68, 46.40, 40.83, '2026-02-01 05:00:00', 1, '2026-02-01 05:00:00', '2026-02-01 05:00:00'),
(93, 10, 76.44, 168.00, 48, 'M', 31.92, 30.89, 87.98, 86.11, 53.35, 38.30, 40.25, '2026-03-01 05:00:00', 1, '2026-03-01 05:00:00', '2026-03-01 05:00:00'),
(94, 10, 73.75, 170.00, 48, 'M', 39.65, 20.77, 92.51, 99.12, 50.69, 44.37, 42.24, '2026-04-01 05:00:00', 1, '2026-04-01 05:00:00', '2026-04-01 05:00:00'),
(95, 10, 80.92, 187.00, 48, 'M', 29.51, 29.51, 87.58, 103.77, 48.55, 45.70, 39.98, '2026-05-01 05:00:00', 1, '2026-05-01 05:00:00', '2026-05-01 05:00:00'),
(96, 10, 69.96, 186.00, 48, 'M', 38.40, 24.00, 100.80, 104.64, 46.08, 46.08, 33.60, '2026-06-01 05:00:00', 1, '2026-06-01 05:00:00', '2026-06-01 05:00:00'),
(97, 10, 65.77, 172.00, 48, 'M', 28.90, 26.14, 74.54, 86.15, 57.11, 42.59, 35.82, '2026-07-01 05:00:00', 1, '2026-07-01 05:00:00', '2026-07-01 05:00:00'),
(98, 10, 68.05, 178.00, 48, 'M', 31.23, 24.40, 91.74, 104.43, 68.32, 39.04, 39.04, '2026-08-01 05:00:00', 1, '2026-08-01 05:00:00', '2026-08-01 05:00:00'),
(99, 10, 86.75, 170.00, 48, 'M', 43.30, 28.45, 73.80, 98.40, 46.25, 40.34, 40.34, '2026-09-01 05:00:00', 1, '2026-09-01 05:00:00', '2026-09-01 05:00:00'),
(100, 10, 77.24, 181.00, 48, 'M', 32.74, 23.81, 109.12, 99.20, 55.44, 32.74, 38.69, '2026-10-01 05:00:00', 1, '2026-10-01 05:00:00', '2026-10-01 05:00:00'),
(101, 11, 74.42, 151.00, 39, 'F', 23.92, 23.92, 70.84, 103.04, 58.88, 34.04, 28.52, '2026-01-01 05:00:00', 1, '2026-01-01 05:00:00', '2026-01-01 05:00:00'),
(102, 11, 49.09, 160.00, 39, 'F', 25.98, 19.49, 60.32, 93.73, 58.46, 38.05, 29.70, '2026-02-01 05:00:00', 1, '2026-02-01 05:00:00', '2026-02-01 05:00:00'),
(103, 11, 53.16, 167.00, 39, 'F', 32.98, 23.40, 72.07, 93.60, 56.16, 41.18, 35.57, '2026-03-01 05:00:00', 1, '2026-03-01 05:00:00', '2026-03-01 05:00:00'),
(104, 11, 72.27, 157.00, 39, 'F', 31.15, 18.88, 64.19, 88.74, 57.58, 37.76, 28.32, '2026-04-01 05:00:00', 1, '2026-04-01 05:00:00', '2026-04-01 05:00:00'),
(105, 11, 70.28, 157.00, 39, 'F', 28.56, 23.80, 67.59, 107.58, 47.60, 28.56, 34.58, '2026-05-01 05:00:00', 1, '2026-05-01 05:00:00', '2026-05-01 05:00:00'),
(106, 11, 70.52, 161.00, 39, 'F', 29.76, 22.08, 83.52, 95.04, 43.20, 35.52, 32.64, '2026-06-01 05:00:00', 1, '2026-06-01 05:00:00', '2026-06-01 05:00:00'),
(107, 11, 71.26, 162.00, 39, 'F', 30.98, 26.14, 75.50, 113.26, 51.30, 35.82, 34.85, '2026-07-01 05:00:00', 1, '2026-07-01 05:00:00', '2026-07-01 05:00:00'),
(108, 11, 69.46, 158.00, 39, 'F', 33.18, 27.33, 66.37, 103.46, 44.90, 31.23, 35.14, '2026-08-01 05:00:00', 1, '2026-08-01 05:00:00', '2026-08-01 05:00:00'),
(109, 11, 59.34, 157.00, 39, 'F', 30.50, 19.68, 79.70, 109.22, 53.14, 44.28, 29.52, '2026-09-01 05:00:00', 1, '2026-09-01 05:00:00', '2026-09-01 05:00:00'),
(110, 11, 61.07, 157.00, 39, 'F', 37.70, 29.76, 65.47, 112.10, 52.58, 44.64, 30.24, '2026-10-01 05:00:00', 1, '2026-10-01 05:00:00', '2026-10-01 05:00:00'),
(111, 12, 62.66, 168.00, 52, 'F', 32.20, 23.00, 78.20, 90.16, 43.24, 46.44, 34.96, '2026-01-01 05:00:00', 1, '2026-01-01 05:00:00', '2026-01-01 05:00:00'),
(112, 12, 75.37, 158.00, 52, 'F', 29.70, 26.91, 70.53, 87.23, 60.32, 32.48, 28.77, '2026-02-01 05:00:00', 1, '2026-02-01 05:00:00', '2026-02-01 05:00:00'),
(113, 12, 59.88, 152.00, 52, 'F', 29.02, 18.72, 60.84, 95.47, 44.93, 42.12, 29.02, '2026-03-01 05:00:00', 1, '2026-03-01 05:00:00', '2026-03-01 05:00:00'),
(114, 12, 62.35, 175.00, 52, 'F', 32.10, 24.54, 79.30, 89.68, 58.53, 33.04, 29.26, '2026-04-01 05:00:00', 1, '2026-04-01 05:00:00', '2026-04-01 05:00:00'),
(115, 12, 50.89, 172.00, 52, 'F', 24.75, 25.70, 79.97, 93.30, 60.93, 41.89, 31.42, '2026-05-01 05:00:00', 1, '2026-05-01 05:00:00', '2026-05-01 05:00:00'),
(116, 12, 66.33, 160.00, 52, 'F', 30.72, 23.04, 82.56, 94.08, 54.72, 30.72, 28.80, '2026-06-01 05:00:00', 1, '2026-06-01 05:00:00', '2026-06-01 05:00:00'),
(117, 12, 76.35, 169.00, 52, 'F', 26.14, 22.26, 74.54, 106.48, 60.02, 36.78, 34.85, '2026-07-01 05:00:00', 1, '2026-07-01 05:00:00', '2026-07-01 05:00:00'),
(118, 12, 76.46, 160.00, 52, 'F', 29.28, 19.52, 86.86, 104.43, 40.99, 30.26, 34.16, '2026-08-01 05:00:00', 1, '2026-08-01 05:00:00', '2026-08-01 05:00:00'),
(119, 12, 50.42, 170.00, 52, 'F', 33.46, 26.57, 75.77, 102.34, 57.07, 36.41, 34.44, '2026-09-01 05:00:00', 1, '2026-09-01 05:00:00', '2026-09-01 05:00:00'),
(120, 12, 55.25, 162.00, 53, 'F', 24.80, 24.80, 65.47, 90.27, 59.52, 31.25, 35.28, '2026-10-01 05:00:00', 1, '2026-10-01 05:00:00', '2026-10-01 05:00:00'),
(121, 13, 84.94, 180.00, 52, 'M', 41.04, 25.76, 97.52, 98.44, 58.88, 29.44, 37.72, '2026-01-01 05:00:00', 1, '2026-01-01 05:00:00', '2026-01-01 05:00:00'),
(122, 13, 79.48, 167.00, 52, 'M', 34.30, 30.62, 86.30, 89.09, 60.32, 46.40, 39.66, '2026-02-01 05:00:00', 1, '2026-02-01 05:00:00', '2026-02-01 05:00:00'),
(123, 13, 87.25, 190.00, 52, 'M', 29.95, 26.21, 75.82, 96.41, 50.54, 37.44, 40.25, '2026-03-01 05:00:00', 1, '2026-03-01 05:00:00', '2026-03-01 05:00:00'),
(124, 13, 64.23, 168.00, 53, 'M', 28.32, 26.43, 84.96, 88.74, 60.42, 50.69, 35.87, '2026-04-01 05:00:00', 1, '2026-04-01 05:00:00', '2026-04-01 05:00:00'),
(125, 13, 88.20, 180.00, 53, 'M', 42.84, 30.46, 79.02, 101.86, 43.79, 35.22, 39.03, '2026-05-01 05:00:00', 1, '2026-05-01 05:00:00', '2026-05-01 05:00:00'),
(126, 13, 66.27, 171.00, 53, 'M', 40.32, 32.64, 73.92, 89.28, 44.16, 43.20, 39.52, '2026-06-01 05:00:00', 1, '2026-06-01 05:00:00', '2026-06-01 05:00:00'),
(127, 13, 71.89, 180.00, 53, 'M', 39.69, 30.98, 97.77, 86.15, 57.11, 46.46, 37.75, '2026-07-01 05:00:00', 1, '2026-07-01 05:00:00', '2026-07-01 05:00:00'),
(128, 13, 88.26, 187.00, 53, 'M', 29.28, 26.62, 103.46, 94.67, 58.56, 31.23, 35.14, '2026-08-01 05:00:00', 1, '2026-08-01 05:00:00', '2026-08-01 05:00:00'),
(129, 13, 86.44, 181.00, 53, 'M', 31.50, 26.57, 100.37, 90.53, 51.17, 43.30, 34.44, '2026-09-01 05:00:00', 1, '2026-09-01 05:00:00', '2026-09-01 05:00:00'),
(130, 13, 89.01, 171.00, 53, 'M', 38.30, 29.76, 89.28, 102.18, 55.55, 33.73, 37.70, '2026-10-01 05:00:00', 1, '2026-10-01 05:00:00', '2026-10-01 05:00:00'),
(131, 14, 54.67, 174.00, 51, 'F', 30.36, 19.32, 84.64, 89.24, 51.52, 36.80, 32.20, '2026-01-01 05:00:00', 1, '2026-01-01 05:00:00', '2026-01-01 05:00:00'),
(132, 14, 66.12, 174.00, 51, 'F', 34.34, 26.91, 74.24, 107.65, 44.54, 34.34, 32.48, '2026-02-01 05:00:00', 1, '2026-02-01 05:00:00', '2026-02-01 05:00:00'),
(133, 14, 58.68, 151.00, 51, 'F', 23.40, 28.08, 82.37, 105.77, 56.16, 28.08, 32.76, '2026-03-01 05:00:00', 1, '2026-03-01 05:00:00', '2026-03-01 05:00:00'),
(134, 14, 62.29, 152.00, 51, 'F', 35.87, 24.54, 70.80, 89.68, 61.36, 33.98, 33.98, '2026-04-01 05:00:00', 1, '2026-04-01 05:00:00', '2026-04-01 05:00:00'),
(135, 14, 56.27, 173.00, 51, 'F', 26.66, 19.04, 61.88, 94.25, 44.74, 38.08, 28.56, '2026-05-01 05:00:00', 1, '2026-05-01 05:00:00', '2026-05-01 05:00:00'),
(136, 14, 51.01, 167.00, 51, 'F', 24.96, 21.12, 70.08, 99.84, 47.04, 38.48, 28.80, '2026-06-01 05:00:00', 1, '2026-06-01 05:00:00', '2026-06-01 05:00:00'),
(137, 14, 51.12, 172.00, 51, 'F', 32.91, 26.14, 91.96, 105.51, 48.40, 31.94, 33.88, '2026-07-01 05:00:00', 1, '2026-07-01 05:00:00', '2026-07-01 05:00:00'),
(138, 14, 68.36, 160.00, 51, 'F', 33.79, 25.38, 91.74, 99.55, 41.97, 45.06, 29.28, '2026-08-01 05:00:00', 1, '2026-08-01 05:00:00', '2026-08-01 05:00:00'),
(139, 14, 58.01, 165.00, 51, 'F', 32.47, 19.68, 89.54, 99.38, 47.23, 37.39, 32.47, '2026-09-01 05:00:00', 1, '2026-09-01 05:00:00', '2026-09-01 05:00:00'),
(140, 14, 65.74, 152.00, 51, 'F', 31.74, 23.81, 93.25, 92.26, 63.49, 32.74, 31.74, '2026-10-01 05:00:00', 1, '2026-10-01 05:00:00', '2026-10-01 05:00:00'),
(141, 15, 74.31, 168.00, 26, 'M', 41.40, 26.68, 92.92, 81.88, 46.00, 45.08, 38.64, '2026-01-01 05:00:00', 1, '2026-01-01 05:00:00', '2026-01-01 05:00:00'),
(142, 15, 77.57, 187.00, 26, 'M', 39.90, 26.91, 70.53, 84.45, 49.18, 36.19, 38.98, '2026-02-01 05:00:00', 1, '2026-02-01 05:00:00', '2026-02-01 05:00:00'),
(143, 15, 84.19, 172.00, 27, 'M', 42.12, 26.21, 97.34, 95.47, 55.22, 43.99, 37.44, '2026-03-01 05:00:00', 1, '2026-03-01 05:00:00', '2026-03-01 05:00:00'),
(144, 15, 64.32, 190.00, 27, 'M', 28.32, 32.74, 93.46, 89.68, 44.37, 32.10, 37.76, '2026-04-01 05:00:00', 1, '2026-04-01 05:00:00', '2026-04-01 05:00:00'),
(145, 15, 78.61, 185.00, 27, 'M', 26.66, 28.56, 75.21, 102.82, 53.31, 46.65, 39.03, '2026-05-01 05:00:00', 1, '2026-05-01 05:00:00', '2026-05-01 05:00:00'),
(146, 15, 88.03, 174.00, 27, 'M', 26.88, 29.76, 75.84, 97.92, 63.36, 35.52, 33.60, '2026-06-01 05:00:00', 1, '2026-06-01 05:00:00', '2026-06-01 05:00:00'),
(147, 15, 72.37, 181.00, 27, 'M', 41.62, 31.94, 84.22, 95.83, 52.27, 32.91, 39.69, '2026-07-01 05:00:00', 1, '2026-07-01 05:00:00', '2026-07-01 05:00:00'),
(148, 15, 79.88, 180.00, 27, 'M', 41.97, 21.47, 100.53, 100.53, 46.85, 39.04, 36.11, '2026-08-01 05:00:00', 1, '2026-08-01 05:00:00', '2026-08-01 05:00:00'),
(149, 15, 75.16, 181.00, 27, 'M', 39.36, 24.60, 89.54, 90.53, 47.23, 32.47, 37.39, '2026-09-01 05:00:00', 1, '2026-09-01 05:00:00', '2026-09-01 05:00:00'),
(150, 15, 87.21, 167.00, 27, 'M', 44.64, 29.76, 76.38, 98.21, 64.48, 37.70, 34.72, '2026-10-01 05:00:00', 1, '2026-10-01 05:00:00', '2026-10-01 05:00:00'),
(151, 21, 65.00, 164.00, 25, 'M', 30.00, 28.00, 85.00, 95.00, 55.00, 38.00, 37.99, '2026-04-16 17:15:39', 1, '2026-04-16 22:15:39', '2026-04-16 22:15:39');

-- --------------------------------------------------------

--
-- Estructura de tabla para la tabla `menus`
--

CREATE TABLE `menus` (
  `id` bigint(20) UNSIGNED NOT NULL,
  `tipo` enum('desayuno','almuerzo','cena','otro') NOT NULL,
  `fecha` date NOT NULL,
  `created_at` timestamp NULL DEFAULT NULL,
  `updated_at` timestamp NULL DEFAULT NULL
) ENGINE=InnoDB DEFAULT CHARSET=utf8mb4 COLLATE=utf8mb4_unicode_ci;

-- --------------------------------------------------------

--
-- Estructura de tabla para la tabla `menu_alimentos`
--

CREATE TABLE `menu_alimentos` (
  `id` bigint(20) UNSIGNED NOT NULL,
  `asignacion_menu_id` bigint(20) UNSIGNED NOT NULL,
  `id_alimento` bigint(20) UNSIGNED NOT NULL,
  `created_at` timestamp NULL DEFAULT NULL,
  `updated_at` timestamp NULL DEFAULT NULL
) ENGINE=InnoDB DEFAULT CHARSET=utf8mb4 COLLATE=utf8mb4_unicode_ci;

-- --------------------------------------------------------

--
-- Estructura de tabla para la tabla `migrations`
--

CREATE TABLE `migrations` (
  `id` int(10) UNSIGNED NOT NULL,
  `migration` varchar(255) NOT NULL,
  `batch` int(11) NOT NULL
) ENGINE=InnoDB DEFAULT CHARSET=utf8mb4 COLLATE=utf8mb4_unicode_ci;

--
-- Volcado de datos para la tabla `migrations`
--

INSERT INTO `migrations` (`id`, `migration`, `batch`) VALUES
(1, '0001_01_01_000000_create_users_table', 1),
(2, '0001_01_01_000001_create_cache_table', 1),
(3, '0001_01_01_000002_create_jobs_table', 1),
(4, '2025_10_03_124123_create_roles', 1),
(5, '2025_10_03_124143_create_preferencias', 1),
(6, '2025_10_03_124150_create_usuarios', 1),
(7, '2025_10_03_124205_create_asignacion_preferencia', 1),
(8, '2025_10_03_124217_create_objetivos', 1),
(9, '2025_10_03_124227_create_medidas', 1),
(10, '2025_10_03_124233_create_progreso', 1),
(11, '2025_10_03_124240_create_alimentos', 1),
(12, '2025_10_03_124255_create_menus', 1),
(13, '2025_10_03_124300_create_asignacion_menu', 1),
(14, '2025_10_03_124305_create_menu_alimentos', 1),
(15, '2025_10_03_125056_create_asignacion_objetivo', 1);

-- --------------------------------------------------------

--
-- Estructura de tabla para la tabla `objetivos`
--

CREATE TABLE `objetivos` (
  `id` bigint(20) UNSIGNED NOT NULL,
  `nombre` varchar(100) NOT NULL,
  `descripcion` text DEFAULT NULL,
  `created_at` timestamp NULL DEFAULT NULL,
  `updated_at` timestamp NULL DEFAULT NULL
) ENGINE=InnoDB DEFAULT CHARSET=utf8mb4 COLLATE=utf8mb4_unicode_ci;

--
-- Volcado de datos para la tabla `objetivos`
--

INSERT INTO `objetivos` (`id`, `nombre`, `descripcion`, `created_at`, `updated_at`) VALUES
(1, 'Pérdida de peso', 'Reducir grasa corporal y alcanzar un peso saludable mediante ejercicio y dieta balanceada', '2026-04-16 21:33:53', '2026-04-16 21:33:53'),
(2, 'Ganancia muscular', 'Aumentar masa muscular mediante entrenamiento de fuerza y superávit calórico controlado', '2026-04-16 21:33:53', '2026-04-16 21:33:53'),
(3, 'Mejora cardiovascular', 'Incrementar resistencia y salud del corazón con ejercicio aeróbico regular', '2026-04-16 21:33:53', '2026-04-16 21:33:53'),
(4, 'Aumento de fuerza', 'Desarrollar fuerza máxima mediante entrenamiento con cargas progresivas', '2026-04-16 21:33:53', '2026-04-16 21:33:53'),
(5, 'Definición muscular', 'Reducir porcentaje de grasa manteniendo masa muscular para mayor definición', '2026-04-16 21:33:53', '2026-04-16 21:33:53'),
(6, 'Control de calorías', 'Manejar consumo calórico según objetivos de peso y composición corporal', '2026-04-16 21:33:53', '2026-04-16 21:33:53'),
(7, 'Balance de macronutrientes', 'Optimizar proporción de proteínas, carbohidratos y grasas según necesidades', '2026-04-16 21:33:53', '2026-04-16 21:33:53'),
(8, 'Hidratación óptima', 'Mantener adecuada hidratación para rendimiento físico y salud general', '2026-04-16 21:33:53', '2026-04-16 21:33:53'),
(9, 'Suplementación deportiva', 'Uso estratégico de suplementos para potenciar resultados deportivos', '2026-04-16 21:33:53', '2026-04-16 21:33:53'),
(10, 'Alimentación limpia', 'Enfoque en alimentos naturales y mínimamente procesados para mejor salud', '2026-04-16 21:33:53', '2026-04-16 21:33:53'),
(11, 'Recomposición corporal', 'Perder grasa y ganar músculo simultáneamente mediante dieta y ejercicio precisos', '2026-04-16 21:33:53', '2026-04-16 21:33:53'),
(12, 'Rendimiento deportivo', 'Mejorar capacidades físicas específicas para deporte o disciplina particular', '2026-04-16 21:33:53', '2026-04-16 21:33:53'),
(13, 'Salud y bienestar', 'Enfoque integral en salud física, mental y nutricional para calidad de vida', '2026-04-16 21:33:53', '2026-04-16 21:33:53'),
(14, 'Preparación competitiva', 'Programa específico para competencias, shows o eventos deportivos', '2026-04-16 21:33:53', '2026-04-16 21:33:53'),
(15, 'Mantenimiento', 'Conservar logros alcanzados mediante hábitos sostenibles de ejercicio y nutrición', '2026-04-16 21:33:53', '2026-04-16 21:33:53');

-- --------------------------------------------------------

--
-- Estructura de tabla para la tabla `password_reset_tokens`
--

CREATE TABLE `password_reset_tokens` (
  `email` varchar(255) NOT NULL,
  `token` varchar(255) NOT NULL,
  `created_at` timestamp NULL DEFAULT NULL
) ENGINE=InnoDB DEFAULT CHARSET=utf8mb4 COLLATE=utf8mb4_unicode_ci;

-- --------------------------------------------------------

--
-- Estructura de tabla para la tabla `preferencias`
--

CREATE TABLE `preferencias` (
  `id` bigint(20) UNSIGNED NOT NULL,
  `tipo` enum('dieta','alergia') NOT NULL,
  `descripcion` varchar(255) NOT NULL,
  `created_at` timestamp NULL DEFAULT NULL,
  `updated_at` timestamp NULL DEFAULT NULL
) ENGINE=InnoDB DEFAULT CHARSET=utf8mb4 COLLATE=utf8mb4_unicode_ci;

--
-- Volcado de datos para la tabla `preferencias`
--

INSERT INTO `preferencias` (`id`, `tipo`, `descripcion`, `created_at`, `updated_at`) VALUES
(1, 'dieta', 'Vegetariano', '2026-04-16 21:33:53', '2026-04-16 21:33:53'),
(2, 'dieta', 'Vegano', '2026-04-16 21:33:53', '2026-04-16 21:33:53'),
(3, 'dieta', 'Sin Gluten', '2026-04-16 21:33:53', '2026-04-16 21:33:53'),
(4, 'dieta', 'Bajo en Azúcar', '2026-04-16 21:33:53', '2026-04-16 21:33:53'),
(5, 'alergia', 'Sin Lactosa', '2026-04-16 21:33:53', '2026-04-16 21:33:53');

-- --------------------------------------------------------

--
-- Estructura de tabla para la tabla `progreso`
--

CREATE TABLE `progreso` (
  `id_progreso` bigint(20) UNSIGNED NOT NULL,
  `id_medida` bigint(20) UNSIGNED NOT NULL,
  `fecha` date NOT NULL,
  `imc` decimal(5,2) DEFAULT NULL,
  `tmb` decimal(7,2) DEFAULT NULL,
  `porcentaje_grasa` decimal(5,2) DEFAULT NULL,
  `masa_grasa` decimal(5,2) DEFAULT NULL,
  `masa_magra` decimal(5,2) DEFAULT NULL,
  `masa_muscular` decimal(5,2) DEFAULT NULL,
  `porcentaje_musculo` decimal(5,2) DEFAULT NULL,
  `progreso` int(11) NOT NULL,
  `created_at` timestamp NULL DEFAULT NULL,
  `updated_at` timestamp NULL DEFAULT NULL
) ENGINE=InnoDB DEFAULT CHARSET=utf8mb4 COLLATE=utf8mb4_unicode_ci;

--
-- Volcado de datos para la tabla `progreso`
--

INSERT INTO `progreso` (`id_progreso`, `id_medida`, `fecha`, `imc`, `tmb`, `porcentaje_grasa`, `masa_grasa`, `masa_magra`, `masa_muscular`, `porcentaje_musculo`, `progreso`, `created_at`, `updated_at`) VALUES
(1, 1, '2026-04-16', 20.99, 1655.30, 20.51, 19.43, 56.35, 30.99, 40.90, 1, '2026-04-16 21:33:58', '2026-04-16 21:33:58'),
(2, 2, '2026-04-16', 21.22, 1644.15, 21.00, 15.35, 60.44, 33.24, 43.86, 1, '2026-04-16 21:33:58', '2026-04-16 21:33:58'),
(3, 3, '2026-04-16', 29.61, 1672.35, 31.83, 17.07, 71.54, 39.35, 44.41, 1, '2026-04-16 21:33:58', '2026-04-16 21:33:58'),
(4, 4, '2026-04-16', 23.07, 1725.20, 23.55, 12.82, 70.45, 38.75, 46.53, 1, '2026-04-16 21:33:58', '2026-04-16 21:33:58'),
(5, 5, '2026-04-16', 20.25, 1581.95, 19.63, 18.22, 52.60, 28.93, 40.85, 1, '2026-04-16 21:33:58', '2026-04-16 21:33:58'),
(6, 6, '2026-04-16', 31.65, 1648.40, 34.19, 8.89, 80.45, 44.25, 49.53, 1, '2026-04-16 21:33:58', '2026-04-16 21:33:58'),
(7, 7, '2026-04-16', 25.20, 1570.35, 26.37, 17.64, 59.52, 32.73, 42.42, 1, '2026-04-16 21:33:58', '2026-04-16 21:33:58'),
(8, 8, '2026-04-16', 29.27, 1613.40, 31.43, 18.63, 65.96, 36.28, 42.89, 1, '2026-04-16 21:33:58', '2026-04-16 21:33:58'),
(9, 9, '2026-04-16', 31.24, 1603.30, 33.72, 3.64, 82.44, 45.34, 52.67, 1, '2026-04-16 21:33:58', '2026-04-16 21:33:58'),
(10, 10, '2026-04-16', 23.71, 1627.90, 24.42, 14.51, 64.03, 35.22, 44.84, 1, '2026-04-16 21:33:58', '2026-04-16 21:33:58'),
(11, 11, '2026-04-16', 19.39, 1687.50, 14.70, 4.09, 65.91, 36.25, 51.78, 1, '2026-04-16 21:33:58', '2026-04-16 21:33:58'),
(12, 12, '2026-04-16', 20.18, 1716.10, 16.02, 5.11, 67.75, 37.26, 51.14, 1, '2026-04-16 21:33:58', '2026-04-16 21:33:58'),
(13, 13, '2026-04-16', 29.52, 1748.40, 29.92, -2.77, 90.11, 49.56, 56.74, 1, '2026-04-16 21:33:58', '2026-04-16 21:33:58'),
(14, 14, '2026-04-16', 27.38, 1732.15, 26.99, 23.02, 60.82, 33.45, 39.90, 1, '2026-04-16 21:33:58', '2026-04-16 21:33:58'),
(15, 15, '2026-04-16', 26.35, 1685.30, 25.54, 10.97, 68.81, 37.85, 47.44, 1, '2026-04-16 21:33:58', '2026-04-16 21:33:58'),
(16, 16, '2026-04-16', 31.09, 1710.75, 31.95, 13.22, 73.48, 40.41, 46.61, 1, '2026-04-16 21:33:58', '2026-04-16 21:33:58'),
(17, 17, '2026-04-16', 24.14, 1497.60, 22.42, 8.23, 58.28, 32.05, 48.19, 1, '2026-04-16 21:33:58', '2026-04-16 21:33:58'),
(18, 18, '2026-04-16', 31.10, 1672.95, 32.05, 10.87, 73.80, 40.59, 47.94, 1, '2026-04-16 21:33:58', '2026-04-16 21:33:58'),
(19, 19, '2026-04-16', 25.25, 1692.25, 24.07, 5.16, 73.94, 40.67, 51.42, 1, '2026-04-16 21:33:58', '2026-04-16 21:33:58'),
(20, 20, '2026-04-16', 29.43, 1659.65, 29.89, 20.15, 61.94, 34.07, 41.50, 1, '2026-04-16 21:33:58', '2026-04-16 21:33:58'),
(21, 21, '2026-04-16', 23.22, 1435.30, 22.99, 11.38, 54.15, 29.78, 45.45, 1, '2026-04-16 21:33:58', '2026-04-16 21:33:58'),
(22, 22, '2026-04-16', 28.31, 1739.60, 29.76, 7.17, 82.54, 45.39, 50.60, 1, '2026-04-16 21:33:58', '2026-04-16 21:33:58'),
(23, 23, '2026-04-16', 23.29, 1451.35, 23.09, 11.36, 55.15, 30.33, 45.61, 1, '2026-04-16 21:33:58', '2026-04-16 21:33:58'),
(24, 24, '2026-04-16', 27.07, 1748.05, 28.18, 9.47, 79.21, 43.57, 49.13, 1, '2026-04-16 21:33:58', '2026-04-16 21:33:58'),
(25, 25, '2026-04-16', 26.15, 1655.45, 26.98, 21.02, 60.90, 33.49, 40.89, 1, '2026-04-16 21:33:58', '2026-04-16 21:33:58'),
(26, 26, '2026-04-16', 30.16, 1664.20, 32.03, 10.68, 76.49, 42.07, 48.26, 1, '2026-04-16 21:33:58', '2026-04-16 21:33:58'),
(27, 27, '2026-04-16', 20.47, 1614.45, 19.03, 1.02, 70.55, 38.80, 54.22, 1, '2026-04-16 21:33:58', '2026-04-16 21:33:58'),
(28, 28, '2026-04-16', 22.47, 1511.85, 21.94, 15.62, 53.19, 29.26, 42.52, 1, '2026-04-16 21:33:58', '2026-04-16 21:33:58'),
(29, 29, '2026-04-16', 27.36, 1583.10, 28.55, 19.78, 59.28, 32.60, 41.24, 1, '2026-04-16 21:33:58', '2026-04-16 21:33:58'),
(30, 30, '2026-04-16', 29.57, 1724.25, 31.40, 29.14, 61.41, 33.77, 37.30, 1, '2026-04-16 21:33:58', '2026-04-16 21:33:58'),
(31, 31, '2026-04-16', 23.77, 1646.05, 21.87, 18.59, 55.89, 30.74, 41.27, 1, '2026-04-16 21:33:58', '2026-04-16 21:33:58'),
(32, 32, '2026-04-16', 25.34, 1649.80, 24.20, 12.20, 64.53, 35.49, 46.25, 1, '2026-04-16 21:33:58', '2026-04-16 21:33:58'),
(33, 33, '2026-04-16', 22.99, 1493.90, 20.67, 15.66, 49.23, 27.08, 41.73, 1, '2026-04-16 21:33:58', '2026-04-16 21:33:58'),
(34, 34, '2026-04-16', 25.09, 1672.30, 23.84, 18.88, 58.85, 32.37, 41.64, 1, '2026-04-16 21:33:58', '2026-04-16 21:33:58'),
(35, 35, '2026-04-16', 28.19, 1656.25, 28.22, 7.64, 72.86, 40.07, 49.78, 1, '2026-04-16 21:33:58', '2026-04-16 21:33:58'),
(36, 36, '2026-04-16', 28.47, 1809.70, 28.61, 24.35, 65.87, 36.23, 40.16, 1, '2026-04-16 21:33:58', '2026-04-16 21:33:58'),
(37, 37, '2026-04-16', 22.30, 1599.95, 19.60, 16.64, 53.23, 29.28, 41.90, 1, '2026-04-16 21:33:58', '2026-04-16 21:33:58'),
(38, 38, '2026-04-16', 26.54, 1843.40, 25.92, 21.89, 67.95, 37.37, 41.60, 1, '2026-04-16 21:33:58', '2026-04-16 21:33:58'),
(39, 39, '2026-04-16', 31.19, 1775.75, 32.16, 18.28, 72.92, 40.11, 43.98, 1, '2026-04-16 21:33:58', '2026-04-16 21:33:58'),
(40, 40, '2026-04-16', 22.98, 1592.65, 20.66, 15.80, 54.59, 30.02, 42.66, 1, '2026-04-16 21:33:58', '2026-04-16 21:33:58'),
(41, 41, '2026-04-16', 31.60, 1227.60, 44.90, 5.60, 65.51, 36.03, 50.67, 1, '2026-04-16 21:33:58', '2026-04-16 21:33:58'),
(42, 42, '2026-04-16', 27.46, 1158.40, 40.34, 6.79, 56.65, 31.16, 49.11, 1, '2026-04-16 21:33:58', '2026-04-16 21:33:58'),
(43, 43, '2026-04-16', 25.26, 1263.95, 37.61, 15.05, 52.07, 28.64, 42.67, 1, '2026-04-16 21:33:58', '2026-04-16 21:33:58'),
(44, 44, '2026-04-16', 27.47, 1307.50, 40.36, 15.03, 57.07, 31.39, 43.54, 1, '2026-04-16 21:33:58', '2026-04-16 21:33:58'),
(45, 45, '2026-04-16', 22.48, 1217.15, 33.86, 2.24, 58.95, 32.42, 52.99, 1, '2026-04-16 21:33:58', '2026-04-16 21:33:58'),
(46, 46, '2026-04-16', 25.16, 1334.00, 37.47, 16.89, 54.11, 29.76, 41.91, 1, '2026-04-16 21:33:58', '2026-04-16 21:33:58'),
(47, 47, '2026-04-16', 22.31, 1226.40, 33.63, 15.05, 46.44, 25.54, 41.54, 1, '2026-04-16 21:33:58', '2026-04-16 21:33:58'),
(48, 48, '2026-04-16', 28.44, 1151.40, 41.50, 18.40, 45.59, 25.08, 39.19, 1, '2026-04-16 21:33:58', '2026-04-16 21:33:58'),
(49, 49, '2026-04-16', 27.15, 1314.05, 39.97, 17.53, 54.60, 30.03, 41.63, 1, '2026-04-16 21:33:58', '2026-04-16 21:33:58'),
(50, 50, '2026-04-16', 28.24, 1405.35, 41.27, 20.89, 57.87, 31.83, 40.41, 1, '2026-04-16 21:33:58', '2026-04-16 21:33:58'),
(51, 51, '2026-04-16', 28.05, 1650.95, 27.39, 9.45, 68.77, 37.82, 48.35, 1, '2026-04-16 21:33:58', '2026-04-16 21:33:58'),
(52, 52, '2026-04-16', 22.65, 1795.60, 19.36, 14.28, 65.78, 36.18, 45.19, 1, '2026-04-16 21:33:58', '2026-04-16 21:33:58'),
(53, 53, '2026-04-16', 27.26, 1780.35, 26.38, 20.33, 65.08, 35.79, 41.91, 1, '2026-04-16 21:33:58', '2026-04-16 21:33:58'),
(54, 54, '2026-04-16', 27.79, 1654.40, 27.13, 10.06, 68.38, 37.61, 47.94, 1, '2026-04-16 21:33:58', '2026-04-16 21:33:58'),
(55, 55, '2026-04-16', 22.34, 1556.00, 18.86, 13.26, 52.84, 29.06, 43.97, 1, '2026-04-16 21:33:58', '2026-04-16 21:33:58'),
(56, 56, '2026-04-16', 30.37, 1710.75, 30.67, 26.01, 58.69, 32.28, 38.11, 1, '2026-04-16 21:33:58', '2026-04-16 21:33:58'),
(57, 57, '2026-04-16', 26.06, 1696.40, 24.62, 11.95, 66.94, 36.82, 46.67, 1, '2026-04-16 21:33:58', '2026-04-16 21:33:58'),
(58, 58, '2026-04-16', 25.49, 1649.00, 23.77, 22.50, 52.90, 29.09, 38.58, 1, '2026-04-16 21:33:58', '2026-04-16 21:33:58'),
(59, 59, '2026-04-16', 33.18, 1806.60, 34.25, 18.57, 75.09, 41.30, 44.09, 1, '2026-04-16 21:33:58', '2026-04-16 21:33:58'),
(60, 60, '2026-04-16', 23.44, 1660.65, 20.62, 13.31, 60.13, 33.07, 45.03, 1, '2026-04-16 21:33:58', '2026-04-16 21:33:58'),
(61, 61, '2026-04-16', 26.86, 1698.50, 27.79, 10.09, 75.01, 41.25, 48.48, 1, '2026-04-16 21:33:58', '2026-04-16 21:33:58'),
(62, 62, '2026-04-16', 25.69, 1661.40, 26.24, 7.91, 73.48, 40.41, 49.65, 1, '2026-04-16 21:33:58', '2026-04-16 21:33:58'),
(63, 63, '2026-04-16', 24.47, 1548.75, 24.59, 18.40, 54.85, 30.17, 41.19, 1, '2026-04-16 21:33:58', '2026-04-16 21:33:58'),
(64, 64, '2026-04-16', 27.34, 1587.70, 28.41, 24.19, 54.83, 30.15, 38.16, 1, '2026-04-16 21:33:58', '2026-04-16 21:33:58'),
(65, 65, '2026-04-16', 23.01, 1649.35, 22.55, 18.99, 58.07, 31.94, 41.45, 1, '2026-04-16 21:33:58', '2026-04-16 21:33:58'),
(66, 66, '2026-04-16', 26.57, 1658.00, 27.41, 9.26, 73.04, 40.17, 48.81, 1, '2026-04-16 21:33:58', '2026-04-16 21:33:58'),
(67, 67, '2026-04-16', 26.01, 1728.90, 26.79, 18.11, 68.03, 37.42, 43.44, 1, '2026-04-16 21:33:58', '2026-04-16 21:33:58'),
(68, 68, '2026-04-16', 22.00, 1653.50, 21.26, 7.79, 68.31, 37.57, 49.37, 1, '2026-04-16 21:33:58', '2026-04-16 21:33:58'),
(69, 69, '2026-04-16', 21.41, 1647.55, 20.42, 17.29, 57.59, 31.67, 42.30, 1, '2026-04-16 21:33:58', '2026-04-16 21:33:58'),
(70, 70, '2026-04-16', 23.62, 1605.55, 23.56, 1.82, 73.86, 40.62, 53.67, 1, '2026-04-16 21:33:58', '2026-04-16 21:33:58'),
(71, 71, '2026-04-16', 21.93, 1345.90, 28.80, 11.58, 48.86, 26.87, 44.46, 1, '2026-04-16 21:33:58', '2026-04-16 21:33:58'),
(72, 72, '2026-04-16', 22.69, 1380.45, 30.06, 1.30, 61.97, 34.08, 53.87, 1, '2026-04-16 21:33:58', '2026-04-16 21:33:58'),
(73, 73, '2026-04-16', 28.74, 1393.55, 39.20, 2.88, 67.95, 37.37, 52.76, 1, '2026-04-16 21:33:58', '2026-04-16 21:33:58'),
(74, 74, '2026-04-16', 20.15, 1388.25, 25.68, 5.13, 55.17, 30.34, 50.32, 1, '2026-04-16 21:33:58', '2026-04-16 21:33:58'),
(75, 75, '2026-04-16', 26.95, 1247.80, 36.69, 4.25, 56.38, 31.01, 51.14, 1, '2026-04-16 21:33:58', '2026-04-16 21:33:58'),
(76, 76, '2026-04-16', 21.08, 1362.25, 27.32, 2.38, 57.82, 31.80, 52.83, 1, '2026-04-16 21:33:58', '2026-04-16 21:33:58'),
(77, 77, '2026-04-16', 22.98, 1166.65, 30.70, 8.38, 44.01, 24.20, 46.20, 1, '2026-04-16 21:33:58', '2026-04-16 21:33:58'),
(78, 78, '2026-04-16', 34.16, 1421.65, 45.88, 14.67, 63.22, 34.77, 44.64, 1, '2026-04-16 21:33:58', '2026-04-16 21:33:58'),
(79, 79, '2026-04-16', 23.98, 1257.60, 32.32, 12.44, 45.92, 25.26, 43.28, 1, '2026-04-16 21:33:58', '2026-04-16 21:33:58'),
(80, 80, '2026-04-16', 18.49, 1270.90, 22.84, 11.64, 40.55, 22.30, 42.74, 1, '2026-04-16 21:33:58', '2026-04-16 21:33:58'),
(81, 81, '2026-04-16', 26.05, 1866.15, 23.86, 11.66, 75.58, 41.57, 47.65, 1, '2026-04-16 21:33:58', '2026-04-16 21:33:58'),
(82, 82, '2026-04-16', 25.76, 1919.65, 23.42, 4.34, 85.75, 47.16, 52.35, 1, '2026-04-16 21:33:58', '2026-04-16 21:33:58'),
(83, 83, '2026-04-16', 24.77, 1853.95, 21.86, 9.63, 75.14, 41.33, 48.75, 1, '2026-04-16 21:33:58', '2026-04-16 21:33:58'),
(84, 84, '2026-04-16', 29.15, 1869.45, 28.43, 10.34, 80.98, 44.54, 48.77, 1, '2026-04-16 21:33:58', '2026-04-16 21:33:58'),
(85, 85, '2026-04-16', 18.46, 1664.25, 11.07, 10.89, 53.66, 29.51, 45.72, 1, '2026-04-16 21:33:58', '2026-04-16 21:33:58'),
(86, 86, '2026-04-16', 27.77, 1637.25, 26.44, 9.91, 65.69, 36.13, 47.79, 1, '2026-04-16 21:33:58', '2026-04-16 21:33:58'),
(87, 87, '2026-04-16', 19.52, 1723.45, 13.18, 4.80, 64.92, 35.71, 51.21, 1, '2026-04-16 21:33:58', '2026-04-16 21:33:58'),
(88, 88, '2026-04-16', 28.66, 1898.70, 27.84, 20.73, 72.14, 39.68, 42.72, 1, '2026-04-16 21:33:58', '2026-04-16 21:33:58'),
(89, 89, '2026-04-16', 25.65, 1574.45, 23.36, 1.53, 68.29, 37.56, 53.80, 1, '2026-04-16 21:33:58', '2026-04-16 21:33:58'),
(90, 90, '2026-04-16', 24.45, 1628.65, 21.49, 16.06, 55.43, 30.49, 42.65, 1, '2026-04-16 21:33:58', '2026-04-16 21:33:58'),
(91, 91, '2026-04-16', 25.18, 1599.95, 24.76, 16.55, 58.82, 32.35, 42.92, 1, '2026-04-16 21:33:58', '2026-04-16 21:33:58'),
(92, 92, '2026-04-16', 25.06, 1596.15, 24.59, 17.19, 57.80, 31.79, 42.39, 1, '2026-04-16 21:33:58', '2026-04-16 21:33:58'),
(93, 93, '2026-04-16', 27.08, 1579.40, 27.39, 14.31, 62.13, 34.17, 44.71, 1, '2026-04-16 21:33:58', '2026-04-16 21:33:58'),
(94, 94, '2026-04-16', 25.52, 1565.00, 25.24, 14.95, 58.80, 32.34, 43.85, 1, '2026-04-16 21:33:58', '2026-04-16 21:33:58'),
(95, 95, '2026-04-16', 23.14, 1742.95, 21.82, 12.50, 68.42, 37.63, 46.51, 1, '2026-04-16 21:33:58', '2026-04-16 21:33:58'),
(96, 96, '2026-04-16', 20.22, 1627.10, 17.38, 19.91, 50.05, 27.53, 39.35, 1, '2026-04-16 21:33:58', '2026-04-16 21:33:58'),
(97, 97, '2026-04-16', 22.23, 1497.70, 20.46, 6.88, 58.89, 32.39, 49.24, 1, '2026-04-16 21:33:58', '2026-04-16 21:33:58'),
(98, 98, '2026-04-16', 21.48, 1558.00, 19.32, 14.05, 54.00, 29.70, 43.65, 1, '2026-04-16 21:33:58', '2026-04-16 21:33:58'),
(99, 99, '2026-04-16', 30.02, 1695.00, 31.21, 4.92, 81.83, 45.01, 51.88, 1, '2026-04-16 21:33:58', '2026-04-16 21:33:58'),
(100, 100, '2026-04-16', 23.58, 1668.65, 22.46, 24.04, 53.20, 29.26, 37.88, 1, '2026-04-16 21:33:58', '2026-04-16 21:33:58'),
(101, 101, '2026-04-16', 32.64, 1331.95, 45.00, 13.00, 61.42, 33.78, 45.39, 1, '2026-04-16 21:33:58', '2026-04-16 21:33:58'),
(102, 102, '2026-04-16', 19.18, 1134.90, 26.27, 2.11, 46.98, 25.84, 52.63, 1, '2026-04-16 21:33:58', '2026-04-16 21:33:58'),
(103, 103, '2026-04-16', 19.06, 1219.35, 26.08, 4.90, 48.26, 26.54, 49.93, 1, '2026-04-16 21:33:58', '2026-04-16 21:33:58'),
(104, 104, '2026-04-16', 29.32, 1347.95, 41.15, 7.50, 64.77, 35.62, 49.29, 1, '2026-04-16 21:33:58', '2026-04-16 21:33:58'),
(105, 105, '2026-04-16', 28.51, 1328.05, 40.14, 5.24, 65.04, 35.77, 50.90, 1, '2026-04-16 21:33:58', '2026-04-16 21:33:58'),
(106, 106, '2026-04-16', 27.21, 1355.45, 38.44, 15.77, 54.75, 30.11, 42.70, 1, '2026-04-16 21:33:58', '2026-04-16 21:33:58'),
(107, 107, '2026-04-16', 27.15, 1369.10, 38.37, 9.94, 61.32, 33.73, 47.33, 1, '2026-04-16 21:33:58', '2026-04-16 21:33:58'),
(108, 108, '2026-04-16', 27.82, 1326.10, 39.25, 3.71, 65.75, 36.16, 52.06, 1, '2026-04-16 21:33:58', '2026-04-16 21:33:58'),
(109, 109, '2026-04-16', 24.07, 1218.65, 34.04, 13.41, 45.93, 25.26, 42.57, 1, '2026-04-16 21:33:58', '2026-04-16 21:33:58'),
(110, 110, '2026-04-16', 24.78, 1235.95, 35.06, 5.95, 55.12, 30.32, 49.64, 1, '2026-04-16 21:33:58', '2026-04-16 21:33:58'),
(111, 111, '2026-04-16', 22.20, 1255.60, 33.31, 9.47, 53.19, 29.26, 46.69, 1, '2026-04-16 21:33:58', '2026-04-16 21:33:58'),
(112, 112, '2026-04-16', 30.19, 1320.20, 43.39, 11.79, 63.58, 34.97, 46.39, 1, '2026-04-16 21:33:58', '2026-04-16 21:33:58'),
(113, 113, '2026-04-16', 25.92, 1127.80, 38.32, 4.24, 55.64, 30.60, 51.10, 1, '2026-04-16 21:33:58', '2026-04-16 21:33:58'),
(114, 114, '2026-04-16', 20.36, 1296.25, 30.62, 11.99, 50.36, 27.70, 44.42, 1, '2026-04-16 21:33:58', '2026-04-16 21:33:58'),
(115, 115, '2026-04-16', 17.20, 1162.90, 25.70, 9.49, 41.40, 22.77, 44.75, 1, '2026-04-16 21:33:58', '2026-04-16 21:33:58'),
(116, 116, '2026-04-16', 25.91, 1242.30, 38.31, 16.33, 50.00, 27.50, 41.46, 1, '2026-04-16 21:33:58', '2026-04-16 21:33:58'),
(117, 117, '2026-04-16', 26.73, 1398.75, 39.34, 9.05, 67.30, 37.01, 48.48, 1, '2026-04-16 21:33:58', '2026-04-16 21:33:58'),
(118, 118, '2026-04-16', 29.87, 1343.60, 43.03, 18.25, 58.21, 32.02, 41.87, 1, '2026-04-16 21:33:58', '2026-04-16 21:33:58'),
(119, 119, '2026-04-16', 17.45, 1145.70, 26.10, 6.62, 43.80, 24.09, 47.78, 1, '2026-04-16 21:33:58', '2026-04-16 21:33:58'),
(120, 120, '2026-04-16', 21.05, 1139.00, 31.83, 1.92, 53.33, 29.33, 53.09, 1, '2026-04-16 21:33:58', '2026-04-16 21:33:58'),
(121, 121, '2026-04-16', 26.22, 1719.40, 26.70, 21.26, 63.68, 35.02, 41.23, 1, '2026-04-16 21:33:58', '2026-04-16 21:33:58'),
(122, 122, '2026-04-16', 28.50, 1583.55, 29.68, 14.34, 65.14, 35.83, 45.08, 1, '2026-04-16 21:33:58', '2026-04-16 21:33:58'),
(123, 123, '2026-04-16', 24.17, 1805.00, 23.89, 4.07, 83.18, 45.75, 52.43, 1, '2026-04-16 21:33:58', '2026-04-16 21:33:58'),
(124, 124, '2026-04-16', 22.76, 1432.30, 22.03, 12.69, 51.54, 28.35, 44.14, 1, '2026-04-16 21:33:58', '2026-04-16 21:33:58'),
(125, 125, '2026-04-16', 27.22, 1747.00, 28.14, 9.09, 79.11, 43.51, 49.33, 1, '2026-04-16 21:33:58', '2026-04-16 21:33:58'),
(126, 126, '2026-04-16', 22.66, 1471.45, 21.90, 4.29, 61.98, 34.09, 51.44, 1, '2026-04-16 21:33:58', '2026-04-16 21:33:58'),
(127, 127, '2026-04-16', 22.19, 1583.90, 21.21, 18.10, 53.79, 29.59, 41.16, 1, '2026-04-16 21:33:58', '2026-04-16 21:33:58'),
(128, 128, '2026-04-16', 25.24, 1791.35, 25.50, 25.53, 62.73, 34.50, 39.09, 1, '2026-04-16 21:33:58', '2026-04-16 21:33:58'),
(129, 129, '2026-04-16', 26.39, 1735.65, 27.04, 24.70, 61.74, 33.96, 39.28, 1, '2026-04-16 21:33:58', '2026-04-16 21:33:58'),
(130, 130, '2026-04-16', 30.44, 1698.85, 32.18, 18.74, 70.27, 38.65, 43.42, 1, '2026-04-16 21:33:58', '2026-04-16 21:33:58'),
(131, 131, '2026-04-16', 18.06, 1218.20, 26.87, 11.56, 43.11, 23.71, 43.37, 1, '2026-04-16 21:33:58', '2026-04-16 21:33:58'),
(132, 132, '2026-04-16', 21.84, 1332.70, 32.63, 8.48, 57.64, 31.70, 47.94, 1, '2026-04-16 21:33:58', '2026-04-16 21:33:58'),
(133, 133, '2026-04-16', 25.74, 1114.55, 37.96, 13.71, 44.97, 24.74, 42.15, 1, '2026-04-16 21:33:58', '2026-04-16 21:33:58'),
(134, 134, '2026-04-16', 26.96, 1156.90, 39.50, 7.63, 54.66, 30.06, 48.27, 1, '2026-04-16 21:33:58', '2026-04-16 21:33:58'),
(135, 135, '2026-04-16', 18.80, 1227.95, 28.04, 2.83, 53.44, 29.39, 52.23, 1, '2026-04-16 21:33:58', '2026-04-16 21:33:58'),
(136, 136, '2026-04-16', 18.29, 1137.85, 27.24, 6.94, 44.07, 24.24, 47.51, 1, '2026-04-16 21:33:58', '2026-04-16 21:33:58'),
(137, 137, '2026-04-16', 17.28, 1170.20, 25.61, 12.94, 38.18, 21.00, 41.07, 1, '2026-04-16 21:33:58', '2026-04-16 21:33:58'),
(138, 138, '2026-04-16', 26.70, 1267.60, 39.18, 20.74, 47.62, 26.19, 38.31, 1, '2026-04-16 21:33:58', '2026-04-16 21:33:58'),
(139, 139, '2026-04-16', 21.31, 1195.35, 31.85, 15.04, 42.97, 23.63, 40.74, 1, '2026-04-16 21:33:58', '2026-04-16 21:33:58'),
(140, 140, '2026-04-16', 28.45, 1191.40, 41.31, 20.61, 45.13, 24.82, 37.76, 1, '2026-04-16 21:33:58', '2026-04-16 21:33:58'),
(141, 141, '2026-04-16', 26.33, 1668.10, 23.68, 17.46, 56.85, 31.27, 42.08, 1, '2026-04-16 21:33:58', '2026-04-16 21:33:58'),
(142, 142, '2026-04-16', 22.18, 1819.45, 16.81, 0.77, 76.80, 42.24, 54.45, 1, '2026-04-16 21:33:58', '2026-04-16 21:33:58'),
(143, 143, '2026-04-16', 28.46, 1786.90, 27.03, 22.30, 61.89, 34.04, 40.43, 1, '2026-04-16 21:33:58', '2026-04-16 21:33:58'),
(144, 144, '2026-04-16', 17.82, 1700.70, 9.03, 13.34, 50.98, 28.04, 43.60, 1, '2026-04-16 21:33:58', '2026-04-16 21:33:58'),
(145, 145, '2026-04-16', 22.97, 1812.35, 18.32, 4.72, 73.89, 40.64, 51.70, 1, '2026-04-16 21:33:58', '2026-04-16 21:33:58'),
(146, 146, '2026-04-16', 29.08, 1837.80, 27.93, 11.66, 76.37, 42.01, 47.72, 1, '2026-04-16 21:33:58', '2026-04-16 21:33:58'),
(147, 147, '2026-04-16', 22.09, 1724.95, 16.81, 10.12, 62.25, 34.23, 47.31, 1, '2026-04-16 21:33:58', '2026-04-16 21:33:58'),
(148, 148, '2026-04-16', 24.65, 1793.80, 21.13, 22.25, 57.63, 31.69, 39.68, 1, '2026-04-16 21:33:58', '2026-04-16 21:33:58'),
(149, 149, '2026-04-16', 22.94, 1752.85, 18.28, 14.85, 60.31, 33.17, 44.14, 1, '2026-04-16 21:33:58', '2026-04-16 21:33:58'),
(150, 150, '2026-04-16', 31.27, 1785.85, 31.02, 12.16, 75.05, 41.28, 47.33, 1, '2026-04-16 21:33:58', '2026-04-16 21:33:58'),
(151, 151, '2026-04-16', 24.17, 1555.00, 20.04, 12.27, 52.73, 29.00, 44.62, 1, '2026-04-16 22:15:39', '2026-04-16 22:15:39');

-- --------------------------------------------------------

--
-- Estructura de tabla para la tabla `roles`
--

CREATE TABLE `roles` (
  `id` bigint(20) UNSIGNED NOT NULL,
  `nombre_rol` varchar(100) NOT NULL,
  `created_at` timestamp NULL DEFAULT NULL,
  `updated_at` timestamp NULL DEFAULT NULL
) ENGINE=InnoDB DEFAULT CHARSET=utf8mb4 COLLATE=utf8mb4_unicode_ci;

--
-- Volcado de datos para la tabla `roles`
--

INSERT INTO `roles` (`id`, `nombre_rol`, `created_at`, `updated_at`) VALUES
(1, 'Administrador', '2026-04-16 21:33:53', '2026-04-16 21:33:53'),
(2, 'Nutriólogo', '2026-04-16 21:33:53', '2026-04-16 21:33:53'),
(3, 'Entrenador', '2026-04-16 21:33:53', '2026-04-16 21:33:53'),
(4, 'Usuario', '2026-04-16 21:33:53', '2026-04-16 21:33:53');

-- --------------------------------------------------------

--
-- Estructura de tabla para la tabla `sessions`
--

CREATE TABLE `sessions` (
  `id` varchar(255) NOT NULL,
  `user_id` bigint(20) UNSIGNED DEFAULT NULL,
  `ip_address` varchar(45) DEFAULT NULL,
  `user_agent` text DEFAULT NULL,
  `payload` longtext NOT NULL,
  `last_activity` int(11) NOT NULL
) ENGINE=InnoDB DEFAULT CHARSET=utf8mb4 COLLATE=utf8mb4_unicode_ci;

--
-- Volcado de datos para la tabla `sessions`
--

INSERT INTO `sessions` (`id`, `user_id`, `ip_address`, `user_agent`, `payload`, `last_activity`) VALUES
('55BOQezBcJAgoTZFWJcuvngkxt4NWVyCtWMfhbbj', NULL, '127.0.0.1', 'Mozilla/5.0 (Windows NT 10.0; Win64; x64) AppleWebKit/537.36 (KHTML, like Gecko) Chrome/147.0.0.0 Safari/537.36', 'YTozOntzOjY6Il90b2tlbiI7czo0MDoiVlVnNlBRbnNYdjk3U2RlS1hXclMwYzBBaUZ0Tk52djBkWnZFRm0xVSI7czo5OiJfcHJldmlvdXMiO2E6Mjp7czozOiJ1cmwiO3M6Mjc6Imh0dHA6Ly8xMjcuMC4wLjE6ODAwMC9sb2dpbiI7czo1OiJyb3V0ZSI7czo1OiJsb2dpbiI7fXM6NjoiX2ZsYXNoIjthOjI6e3M6Mzoib2xkIjthOjA6e31zOjM6Im5ldyI7YTowOnt9fX0=', 1776357405),
('izsksvD9IwyvUevrxpeMYUalHgsx7zseiWllp0DV', 21, '127.0.0.1', 'Mozilla/5.0 (Windows NT 10.0; Win64; x64) AppleWebKit/537.36 (KHTML, like Gecko) Chrome/147.0.0.0 Safari/537.36', 'YTo0OntzOjY6Il90b2tlbiI7czo0MDoiZTVJempOUkxLYXAwY0RjdjJ2R3U2WFpZOHNodTk2QXozWkpWUzVKQSI7czo2OiJfZmxhc2giO2E6Mjp7czozOiJuZXciO2E6MDp7fXM6Mzoib2xkIjthOjA6e319czo5OiJfcHJldmlvdXMiO2E6Mjp7czozOiJ1cmwiO3M6Mjc6Imh0dHA6Ly8xMjcuMC4wLjE6ODAwMC9hZG1pbiI7czo1OiJyb3V0ZSI7czo1OiJhZG1pbiI7fXM6NTA6ImxvZ2luX3dlYl81OWJhMzZhZGRjMmIyZjk0MDE1ODBmMDE0YzdmNThlYTRlMzA5ODlkIjtpOjIxO30=', 1776363143),
('LF3TcTld1ypwz8og5nMrmi8roMqY1MaBl8MflmqZ', 21, '127.0.0.1', 'Mozilla/5.0 (Windows NT 10.0; Win64; x64) AppleWebKit/537.36 (KHTML, like Gecko) Chrome/147.0.0.0 Safari/537.36', 'YTo0OntzOjY6Il90b2tlbiI7czo0MDoiVUR2NjBORE9yZTJ5TTdiRnlQWm5ja1NwSDVUS1NGQ0JKcmFCenc3dCI7czo5OiJfcHJldmlvdXMiO2E6Mjp7czozOiJ1cmwiO3M6Mjc6Imh0dHA6Ly8xMjcuMC4wLjE6ODAwMC9hZG1pbiI7czo1OiJyb3V0ZSI7czo1OiJhZG1pbiI7fXM6NjoiX2ZsYXNoIjthOjI6e3M6Mzoib2xkIjthOjA6e31zOjM6Im5ldyI7YTowOnt9fXM6NTA6ImxvZ2luX3dlYl81OWJhMzZhZGRjMmIyZjk0MDE1ODBmMDE0YzdmNThlYTRlMzA5ODlkIjtpOjIxO30=', 1777572481);

-- --------------------------------------------------------

--
-- Estructura de tabla para la tabla `users`
--

CREATE TABLE `users` (
  `id` bigint(20) UNSIGNED NOT NULL,
  `name` varchar(255) NOT NULL,
  `email` varchar(255) NOT NULL,
  `email_verified_at` timestamp NULL DEFAULT NULL,
  `password` varchar(255) NOT NULL,
  `remember_token` varchar(100) DEFAULT NULL,
  `created_at` timestamp NULL DEFAULT NULL,
  `updated_at` timestamp NULL DEFAULT NULL
) ENGINE=InnoDB DEFAULT CHARSET=utf8mb4 COLLATE=utf8mb4_unicode_ci;

-- --------------------------------------------------------

--
-- Estructura de tabla para la tabla `usuarios`
--

CREATE TABLE `usuarios` (
  `id` bigint(20) UNSIGNED NOT NULL,
  `nombre` varchar(100) NOT NULL,
  `email` varchar(255) NOT NULL,
  `fecha_nacimiento` date NOT NULL,
  `contrasena` varchar(255) NOT NULL,
  `fecha_registro` timestamp NOT NULL DEFAULT current_timestamp(),
  `fecha_cese` timestamp NULL DEFAULT NULL,
  `id_rol` bigint(20) UNSIGNED NOT NULL DEFAULT 4,
  `created_at` timestamp NULL DEFAULT NULL,
  `updated_at` timestamp NULL DEFAULT NULL
) ENGINE=InnoDB DEFAULT CHARSET=utf8mb4 COLLATE=utf8mb4_unicode_ci;

--
-- Volcado de datos para la tabla `usuarios`
--

INSERT INTO `usuarios` (`id`, `nombre`, `email`, `fecha_nacimiento`, `contrasena`, `fecha_registro`, `fecha_cese`, `id_rol`, `created_at`, `updated_at`) VALUES
(1, 'Usuario1', 'usuario1@gmail.com', '1966-01-09', '$2y$12$dhhu2OvsfcSJWjrIU0IJRutLy429JiCmLQjdvzFnr69BccFhNq2ly', '2025-08-28 21:33:53', NULL, 4, '2026-04-16 21:33:53', '2026-04-16 21:33:53'),
(2, 'Usuario2', 'usuario2@gmail.com', '1983-06-26', '$2y$12$YlH/xoizS8P5rEBGl3476eyJJX6P7owXsyAEJv/qAfBXICWoC8XhK', '2025-12-26 21:33:53', NULL, 4, '2026-04-16 21:33:53', '2026-04-16 21:33:53'),
(3, 'Usuario3', 'usuario3@gmail.com', '1969-09-17', '$2y$12$sd48hIAjMpBlOphpgdfYkOW.SN86ZFuyEn5W/T6fFfQ7VbgoPfiqC', '2026-01-09 21:33:54', NULL, 4, '2026-04-16 21:33:54', '2026-04-16 21:33:54'),
(4, 'Usuario4', 'usuario4@gmail.com', '1982-10-31', '$2y$12$CRxKoDpUOLx.h6F0RAt5FOSN1e0wXXBtgECWDfDEzYG.8BhWCWEzy', '2025-07-25 21:33:54', NULL, 4, '2026-04-16 21:33:54', '2026-04-16 21:33:54'),
(5, 'Usuario5', 'usuario5@gmail.com', '1973-01-02', '$2y$12$tNMFmmXSz2QwRD0LQ1U/4eSfzm5PuR7wxM9tHkiFwSZSbW1UJ6Tk6', '2025-09-27 21:33:54', NULL, 4, '2026-04-16 21:33:54', '2026-04-16 21:33:54'),
(6, 'Usuario6', 'usuario6@gmail.com', '1989-01-03', '$2y$12$/bu/jpDmzPHhbZDWAR8TXu.IMLRD9pZ1WkPtVJlprESLxu1pfZ54u', '2026-01-16 21:33:54', NULL, 4, '2026-04-16 21:33:54', '2026-04-16 21:33:54'),
(7, 'Usuario7', 'usuario7@gmail.com', '1970-06-08', '$2y$12$d4oBDC6P1b0rCSh4qiyQsuid3zrjGOuCNuW217w2lufE/IzkpmqYS', '2025-11-17 21:33:55', NULL, 4, '2026-04-16 21:33:55', '2026-04-16 21:33:55'),
(8, 'Usuario8', 'usuario8@gmail.com', '1997-06-19', '$2y$12$TpiVzNCASvXcfnZsyjob3eFq22R1nxytgfXmMmSJrb02ZqeAr.8YO', '2026-03-01 21:33:55', NULL, 4, '2026-04-16 21:33:55', '2026-04-16 21:33:55'),
(9, 'Usuario9', 'usuario9@gmail.com', '1993-06-23', '$2y$12$y6BTZpabxImOpyrWUuflduZa/Csb2K186bvOdKsLagYS6SruqOGtC', '2026-03-18 21:33:55', NULL, 4, '2026-04-16 21:33:55', '2026-04-16 21:33:55'),
(10, 'Usuario10', 'usuario10@gmail.com', '1976-12-27', '$2y$12$jsjhtSEE8SxDObFd0eaM1OHfpGi5qJ82fdv30yYZhwrqhsIFX9TkO', '2025-07-31 21:33:55', NULL, 4, '2026-04-16 21:33:55', '2026-04-16 21:33:55'),
(11, 'Usuario11', 'usuario11@gmail.com', '1985-12-11', '$2y$12$cgrUrEcR7k3DfPRVby0zgexNfNdjsysynQ/sSL4dphfU4LzXixRRS', '2025-07-19 21:33:56', NULL, 4, '2026-04-16 21:33:56', '2026-04-16 21:33:56'),
(12, 'Usuario12', 'usuario12@gmail.com', '1972-09-03', '$2y$12$bPBlc/4wtqeVsaEbHVXb3.i8Q/2aW/xi0yKieFjTU.pwoZm36XkNu', '2025-09-28 21:33:56', NULL, 4, '2026-04-16 21:33:56', '2026-04-16 21:33:56'),
(13, 'Usuario13', 'usuario13@gmail.com', '1973-03-10', '$2y$12$lROiysMA9NDk3L6SHp14suDGbOftOtpGnXjnvkJyyKppfilJN6AA2', '2025-12-08 21:33:56', NULL, 4, '2026-04-16 21:33:56', '2026-04-16 21:33:56'),
(14, 'Usuario14', 'usuario14@gmail.com', '1973-10-08', '$2y$12$08y9DYZTtxKVHdXOcVxp2Oe7ByYosMne.KXd.GwVQFCxe.wcfLYme', '2026-01-13 21:33:56', NULL, 4, '2026-04-16 21:33:56', '2026-04-16 21:33:56'),
(15, 'Usuario15', 'usuario15@gmail.com', '1999-02-22', '$2y$12$MxjJtYxO9gQGba5/Lpq3u.vxnCBsCvMvkN5eH/s8eHmH1fO.VxdWG', '2025-10-07 21:33:57', NULL, 4, '2026-04-16 21:33:57', '2026-04-16 21:33:57'),
(16, 'Entrenador1', 'entrenador1@gmail.com', '1999-11-20', '$2y$12$JqqwEnIQJ8uKqFGSMbzyBuEAfzF1f5.8Bwu3jOiQmqSYpGCgQ.OaO', '2025-11-06 21:33:57', NULL, 3, '2026-04-16 21:33:57', '2026-04-16 21:33:57'),
(17, 'Entrenador2', 'entrenador2@gmail.com', '1983-10-29', '$2y$12$f7bPBIFqSZNEqyEfLq2YS.MgYRX2opk808yz6zJFIStGV3lnYvpUi', '2025-12-24 21:33:57', NULL, 3, '2026-04-16 21:33:57', '2026-04-16 21:33:57'),
(18, 'Entrenador3', 'entrenador3@gmail.com', '1984-11-22', '$2y$12$QoDg.70NU6LW5DZ5mOO9yuC5.OENFZR2/kcT8ZmaC2L/9grEfMMiu', '2025-12-21 21:33:57', NULL, 3, '2026-04-16 21:33:57', '2026-04-16 21:33:57'),
(19, 'Nutriologo1', 'nutriologo1@gmail.com', '1984-11-30', '$2y$12$5yRsM5WJ4.fhCGQPDn5a6eCgi6TAM5wKzHcubUimjWxod5VJuNNFO', '2025-11-17 21:33:58', NULL, 2, '2026-04-16 21:33:58', '2026-04-16 21:33:58'),
(20, 'Nutriologo2', 'nutriologo2@gmail.com', '1995-02-05', '$2y$12$ITTJsmcyCGLi0pJN1z1MLuO9Akv1ns8mLD7c3DApZtqjKa7k/3Jti', '2025-10-24 21:33:58', NULL, 2, '2026-04-16 21:33:58', '2026-04-16 21:33:58'),
(21, 'brandon', 'brandon@gmail.com', '2000-06-21', '$2y$12$XtryUv8ctnfVf5F.TvNOHOT5ObgXsh7E08Xuo5lSwj43UBFExzL6e', '2026-04-16 22:12:43', NULL, 1, '2026-04-16 22:12:43', '2026-04-16 22:12:43'),
(22, 'jair', 'jair@gmail.com', '2000-06-21', '$2y$12$myp3Hoxo8WnuRsGYTQQMKegCEjeSQjrQ8Pu2xOS/VKtBsLnuiQFdS', '2026-04-16 23:01:24', NULL, 3, '2026-04-16 23:01:24', '2026-04-16 23:01:24');

--
-- Índices para tablas volcadas
--

--
-- Indices de la tabla `alimentos`
--
ALTER TABLE `alimentos`
  ADD PRIMARY KEY (`id`);

--
-- Indices de la tabla `asignacion_menus`
--
ALTER TABLE `asignacion_menus`
  ADD PRIMARY KEY (`id`),
  ADD KEY `asignacion_menus_id_usuario_foreign` (`id_usuario`);

--
-- Indices de la tabla `asignacion_objetivo`
--
ALTER TABLE `asignacion_objetivo`
  ADD PRIMARY KEY (`id_asignacion`),
  ADD KEY `asignacion_objetivo_id_usuario_foreign` (`id_usuario`),
  ADD KEY `asignacion_objetivo_id_objetivo_foreign` (`id_objetivo`);

--
-- Indices de la tabla `asignacion_preferencia`
--
ALTER TABLE `asignacion_preferencia`
  ADD PRIMARY KEY (`id_asignacion`),
  ADD KEY `asignacion_preferencia_id_usuario_foreign` (`id_usuario`),
  ADD KEY `asignacion_preferencia_id_preferencia_foreign` (`id_preferencia`);

--
-- Indices de la tabla `cache`
--
ALTER TABLE `cache`
  ADD PRIMARY KEY (`key`);

--
-- Indices de la tabla `cache_locks`
--
ALTER TABLE `cache_locks`
  ADD PRIMARY KEY (`key`);

--
-- Indices de la tabla `failed_jobs`
--
ALTER TABLE `failed_jobs`
  ADD PRIMARY KEY (`id`),
  ADD UNIQUE KEY `failed_jobs_uuid_unique` (`uuid`);

--
-- Indices de la tabla `jobs`
--
ALTER TABLE `jobs`
  ADD PRIMARY KEY (`id`),
  ADD KEY `jobs_queue_index` (`queue`);

--
-- Indices de la tabla `job_batches`
--
ALTER TABLE `job_batches`
  ADD PRIMARY KEY (`id`);

--
-- Indices de la tabla `medidas`
--
ALTER TABLE `medidas`
  ADD PRIMARY KEY (`id`),
  ADD KEY `medidas_id_usuario_foreign` (`id_usuario`);

--
-- Indices de la tabla `menus`
--
ALTER TABLE `menus`
  ADD PRIMARY KEY (`id`);

--
-- Indices de la tabla `menu_alimentos`
--
ALTER TABLE `menu_alimentos`
  ADD PRIMARY KEY (`id`),
  ADD KEY `menu_alimentos_asignacion_menu_id_foreign` (`asignacion_menu_id`),
  ADD KEY `menu_alimentos_id_alimento_foreign` (`id_alimento`);

--
-- Indices de la tabla `migrations`
--
ALTER TABLE `migrations`
  ADD PRIMARY KEY (`id`);

--
-- Indices de la tabla `objetivos`
--
ALTER TABLE `objetivos`
  ADD PRIMARY KEY (`id`);

--
-- Indices de la tabla `password_reset_tokens`
--
ALTER TABLE `password_reset_tokens`
  ADD PRIMARY KEY (`email`);

--
-- Indices de la tabla `preferencias`
--
ALTER TABLE `preferencias`
  ADD PRIMARY KEY (`id`);

--
-- Indices de la tabla `progreso`
--
ALTER TABLE `progreso`
  ADD PRIMARY KEY (`id_progreso`),
  ADD KEY `progreso_id_medida_foreign` (`id_medida`);

--
-- Indices de la tabla `roles`
--
ALTER TABLE `roles`
  ADD PRIMARY KEY (`id`);

--
-- Indices de la tabla `sessions`
--
ALTER TABLE `sessions`
  ADD PRIMARY KEY (`id`),
  ADD KEY `sessions_user_id_index` (`user_id`),
  ADD KEY `sessions_last_activity_index` (`last_activity`);

--
-- Indices de la tabla `users`
--
ALTER TABLE `users`
  ADD PRIMARY KEY (`id`),
  ADD UNIQUE KEY `users_email_unique` (`email`);

--
-- Indices de la tabla `usuarios`
--
ALTER TABLE `usuarios`
  ADD PRIMARY KEY (`id`),
  ADD UNIQUE KEY `usuarios_email_unique` (`email`),
  ADD KEY `usuarios_id_rol_foreign` (`id_rol`);

--
-- AUTO_INCREMENT de las tablas volcadas
--

--
-- AUTO_INCREMENT de la tabla `alimentos`
--
ALTER TABLE `alimentos`
  MODIFY `id` bigint(20) UNSIGNED NOT NULL AUTO_INCREMENT, AUTO_INCREMENT=51;

--
-- AUTO_INCREMENT de la tabla `asignacion_menus`
--
ALTER TABLE `asignacion_menus`
  MODIFY `id` bigint(20) UNSIGNED NOT NULL AUTO_INCREMENT;

--
-- AUTO_INCREMENT de la tabla `asignacion_objetivo`
--
ALTER TABLE `asignacion_objetivo`
  MODIFY `id_asignacion` bigint(20) UNSIGNED NOT NULL AUTO_INCREMENT, AUTO_INCREMENT=30;

--
-- AUTO_INCREMENT de la tabla `asignacion_preferencia`
--
ALTER TABLE `asignacion_preferencia`
  MODIFY `id_asignacion` bigint(20) UNSIGNED NOT NULL AUTO_INCREMENT, AUTO_INCREMENT=34;

--
-- AUTO_INCREMENT de la tabla `failed_jobs`
--
ALTER TABLE `failed_jobs`
  MODIFY `id` bigint(20) UNSIGNED NOT NULL AUTO_INCREMENT;

--
-- AUTO_INCREMENT de la tabla `jobs`
--
ALTER TABLE `jobs`
  MODIFY `id` bigint(20) UNSIGNED NOT NULL AUTO_INCREMENT;

--
-- AUTO_INCREMENT de la tabla `medidas`
--
ALTER TABLE `medidas`
  MODIFY `id` bigint(20) UNSIGNED NOT NULL AUTO_INCREMENT, AUTO_INCREMENT=152;

--
-- AUTO_INCREMENT de la tabla `menus`
--
ALTER TABLE `menus`
  MODIFY `id` bigint(20) UNSIGNED NOT NULL AUTO_INCREMENT;

--
-- AUTO_INCREMENT de la tabla `menu_alimentos`
--
ALTER TABLE `menu_alimentos`
  MODIFY `id` bigint(20) UNSIGNED NOT NULL AUTO_INCREMENT;

--
-- AUTO_INCREMENT de la tabla `migrations`
--
ALTER TABLE `migrations`
  MODIFY `id` int(10) UNSIGNED NOT NULL AUTO_INCREMENT, AUTO_INCREMENT=16;

--
-- AUTO_INCREMENT de la tabla `objetivos`
--
ALTER TABLE `objetivos`
  MODIFY `id` bigint(20) UNSIGNED NOT NULL AUTO_INCREMENT, AUTO_INCREMENT=16;

--
-- AUTO_INCREMENT de la tabla `preferencias`
--
ALTER TABLE `preferencias`
  MODIFY `id` bigint(20) UNSIGNED NOT NULL AUTO_INCREMENT, AUTO_INCREMENT=6;

--
-- AUTO_INCREMENT de la tabla `progreso`
--
ALTER TABLE `progreso`
  MODIFY `id_progreso` bigint(20) UNSIGNED NOT NULL AUTO_INCREMENT, AUTO_INCREMENT=152;

--
-- AUTO_INCREMENT de la tabla `roles`
--
ALTER TABLE `roles`
  MODIFY `id` bigint(20) UNSIGNED NOT NULL AUTO_INCREMENT, AUTO_INCREMENT=9;

--
-- AUTO_INCREMENT de la tabla `users`
--
ALTER TABLE `users`
  MODIFY `id` bigint(20) UNSIGNED NOT NULL AUTO_INCREMENT;

--
-- AUTO_INCREMENT de la tabla `usuarios`
--
ALTER TABLE `usuarios`
  MODIFY `id` bigint(20) UNSIGNED NOT NULL AUTO_INCREMENT, AUTO_INCREMENT=23;

--
-- Restricciones para tablas volcadas
--

--
-- Filtros para la tabla `asignacion_menus`
--
ALTER TABLE `asignacion_menus`
  ADD CONSTRAINT `asignacion_menus_id_usuario_foreign` FOREIGN KEY (`id_usuario`) REFERENCES `usuarios` (`id`) ON DELETE CASCADE;

--
-- Filtros para la tabla `asignacion_objetivo`
--
ALTER TABLE `asignacion_objetivo`
  ADD CONSTRAINT `asignacion_objetivo_id_objetivo_foreign` FOREIGN KEY (`id_objetivo`) REFERENCES `objetivos` (`id`) ON DELETE CASCADE,
  ADD CONSTRAINT `asignacion_objetivo_id_usuario_foreign` FOREIGN KEY (`id_usuario`) REFERENCES `usuarios` (`id`) ON DELETE CASCADE;

--
-- Filtros para la tabla `asignacion_preferencia`
--
ALTER TABLE `asignacion_preferencia`
  ADD CONSTRAINT `asignacion_preferencia_id_preferencia_foreign` FOREIGN KEY (`id_preferencia`) REFERENCES `preferencias` (`id`) ON DELETE CASCADE,
  ADD CONSTRAINT `asignacion_preferencia_id_usuario_foreign` FOREIGN KEY (`id_usuario`) REFERENCES `usuarios` (`id`) ON DELETE CASCADE;

--
-- Filtros para la tabla `medidas`
--
ALTER TABLE `medidas`
  ADD CONSTRAINT `medidas_id_usuario_foreign` FOREIGN KEY (`id_usuario`) REFERENCES `usuarios` (`id`) ON DELETE CASCADE;

--
-- Filtros para la tabla `menu_alimentos`
--
ALTER TABLE `menu_alimentos`
  ADD CONSTRAINT `menu_alimentos_asignacion_menu_id_foreign` FOREIGN KEY (`asignacion_menu_id`) REFERENCES `asignacion_menus` (`id`) ON DELETE CASCADE,
  ADD CONSTRAINT `menu_alimentos_id_alimento_foreign` FOREIGN KEY (`id_alimento`) REFERENCES `alimentos` (`id`) ON DELETE CASCADE;

--
-- Filtros para la tabla `progreso`
--
ALTER TABLE `progreso`
  ADD CONSTRAINT `progreso_id_medida_foreign` FOREIGN KEY (`id_medida`) REFERENCES `medidas` (`id`) ON DELETE CASCADE;

--
-- Filtros para la tabla `usuarios`
--
ALTER TABLE `usuarios`
  ADD CONSTRAINT `usuarios_id_rol_foreign` FOREIGN KEY (`id_rol`) REFERENCES `roles` (`id`);
COMMIT;

/*!40101 SET CHARACTER_SET_CLIENT=@OLD_CHARACTER_SET_CLIENT */;
/*!40101 SET CHARACTER_SET_RESULTS=@OLD_CHARACTER_SET_RESULTS */;
/*!40101 SET COLLATION_CONNECTION=@OLD_COLLATION_CONNECTION */;
